{"type" : "FeatureCollection", "features" : [{"type": "Feature", "geometry": {"type":"Polygon","coordinates":[[[9.4802422,47.9583777],[9.4803719,47.9580942],[9.4810727,47.9583646],[9.4813851,47.9585469],[9.4819284,47.9587152],[9.4824867,47.95921],[9.4831369,47.9594684],[9.4835298,47.9595342],[9.4844216,47.9597331],[9.4853943,47.9601255],[9.4865183,47.9604531],[9.4869877,47.9604984],[9.4864961,47.9609106],[9.4863188,47.9610185],[9.4857075,47.9615621],[9.4846512,47.9628662],[9.4855699,47.9630531],[9.4861452,47.9631392],[9.4860617,47.9633154],[9.487188,47.9636134],[9.4878929,47.9638386],[9.4882676,47.9639753],[9.489702,47.964635],[9.4902018,47.9648275],[9.4910569,47.9650991],[9.4912431,47.9647482],[9.4925608,47.9645897],[9.4931129,47.9645501],[9.4932511,47.9651263],[9.492883,47.9651449],[9.491034,47.965371],[9.4909934,47.965788],[9.4905851,47.9657932],[9.4902235,47.9658759],[9.4899623,47.9659975],[9.4898832,47.9661008],[9.4893935,47.9664575],[9.4892584,47.9666495],[9.4917681,47.9667672],[9.4926452,47.9668779],[9.4930327,47.9669597],[9.4930004,47.9672842],[9.4934017,47.9674076],[9.4938874,47.967631],[9.4938668,47.9677385],[9.4947164,47.9680248],[9.4944327,47.9684262],[9.4958707,47.9690962],[9.4955934,47.9697232],[9.4964076,47.9702626],[9.4962374,47.9710055],[9.4967377,47.9714387],[9.4980788,47.972188],[9.498734,47.9719372],[9.5000083,47.9725586],[9.5002302,47.97242],[9.5006265,47.9724573],[9.5011754,47.9726029],[9.5016184,47.9722754],[9.5028303,47.9730816],[9.503927,47.9737056],[9.5043586,47.9739943],[9.5051378,47.9746554],[9.5055181,47.9751274],[9.5059103,47.9753279],[9.5062766,47.9757032],[9.50652,47.9760393],[9.5070118,47.9768477],[9.507242,47.9776384],[9.5072924,47.9780125],[9.5082451,47.9810637],[9.5084848,47.9815652],[9.5091443,47.9826763],[9.5093273,47.9830739],[9.5094696,47.9839282],[9.5095833,47.9843706],[9.5099528,47.9845697],[9.5108458,47.9849805],[9.5114399,47.9851647],[9.5120602,47.9852936],[9.5121134,47.9849549],[9.5123745,47.9847383],[9.5126414,47.9846778],[9.5131383,47.9846138],[9.5136106,47.9844511],[9.5140606,47.9842153],[9.5143136,47.984175],[9.514919,47.9853968],[9.5151303,47.9865874],[9.5151732,47.9870989],[9.5158918,47.9872754],[9.5157404,47.9880795],[9.5146692,47.9877235],[9.5139144,47.9874051],[9.5134265,47.9877393],[9.5154912,47.9884333],[9.5153771,47.9898365],[9.5156046,47.9897527],[9.5156243,47.9901494],[9.5157928,47.9902405],[9.5161749,47.9903518],[9.5165576,47.9904631],[9.5167175,47.9898462],[9.519494,47.9896937],[9.5194589,47.9887196],[9.5192271,47.987689],[9.519593,47.9876092],[9.5201578,47.987612],[9.5203125,47.9871404],[9.5205261,47.9862104],[9.5210316,47.9862413],[9.5219495,47.986453],[9.5222617,47.9861286],[9.5223191,47.9857264],[9.5224771,47.9853923],[9.5228205,47.9851133],[9.5227579,47.9847847],[9.5226354,47.9844076],[9.5226019,47.9840128],[9.5227327,47.9835117],[9.5227339,47.983118],[9.5228641,47.9828997],[9.5227562,47.9824323],[9.5228372,47.9822348],[9.5245733,47.9826117],[9.5244873,47.9830945],[9.5254553,47.9831735],[9.5258602,47.9821934],[9.5257727,47.9818774],[9.5256699,47.9817498],[9.5254682,47.9815881],[9.5254852,47.9810538],[9.5253708,47.9808055],[9.5253077,47.9807643],[9.5241211,47.9803572],[9.5241498,47.9803165],[9.5235231,47.9801161],[9.5238448,47.9798467],[9.5243926,47.9792166],[9.5269099,47.9800774],[9.527279,47.9797357],[9.527515,47.979473],[9.5278845,47.9791468],[9.5285221,47.9784763],[9.5278737,47.9782583],[9.5280672,47.9780471],[9.5276626,47.9778891],[9.5279805,47.9775585],[9.5283911,47.9777089],[9.5283767,47.9773965],[9.5284307,47.9773104],[9.5285831,47.9772312],[9.5288061,47.9771413],[9.529483,47.9770366],[9.5301692,47.9768623],[9.5306896,47.9769264],[9.5310087,47.976841],[9.5315412,47.9765339],[9.5322861,47.9765651],[9.5336194,47.9767075],[9.5336446,47.9766459],[9.5346633,47.9768887],[9.534958,47.9761822],[9.5346501,47.9761064],[9.5343596,47.9759474],[9.5337022,47.9757442],[9.5330212,47.9756051],[9.5321988,47.9751643],[9.5319409,47.9751544],[9.531819,47.9751143],[9.5321917,47.9745998],[9.5322627,47.9744094],[9.5315819,47.9740174],[9.5310638,47.9735237],[9.5305881,47.9732469],[9.5308214,47.9729729],[9.5302095,47.9726888],[9.5297241,47.972503],[9.5285862,47.9721901],[9.5286411,47.9720353],[9.5294825,47.9722283],[9.5297947,47.9723126],[9.5304056,47.9725576],[9.5309732,47.9728233],[9.5312593,47.9725281],[9.5313882,47.9724447],[9.5324714,47.972872],[9.5328157,47.9722377],[9.5320271,47.9718929],[9.5312367,47.9716103],[9.5307108,47.9714764],[9.5296998,47.9712675],[9.5288143,47.9711674],[9.5288245,47.9710763],[9.5300904,47.97119],[9.5312963,47.9714114],[9.5320898,47.971638],[9.5331919,47.9720489],[9.5333927,47.9716837],[9.5336449,47.9717457],[9.5338791,47.9712586],[9.5341416,47.9708329],[9.5341056,47.9705292],[9.5339719,47.9700764],[9.5341337,47.9697285],[9.5345422,47.9698638],[9.5347298,47.9699618],[9.5349809,47.9701467],[9.5354472,47.9693854],[9.5347362,47.969097],[9.5343728,47.9689162],[9.5341513,47.9687643],[9.5338909,47.9686423],[9.534032,47.9684348],[9.535488,47.9670243],[9.535799,47.966822],[9.5361282,47.9668352],[9.5367951,47.9669617],[9.5371146,47.9669739],[9.5371055,47.9672849],[9.5370411,47.9676096],[9.5374247,47.9679262],[9.5377724,47.9681578],[9.53832,47.9684227],[9.5389716,47.9686598],[9.5389982,47.9686157],[9.5395972,47.968814],[9.5402625,47.9690811],[9.5405354,47.9687938],[9.540726,47.9683177],[9.5407881,47.9679103],[9.5399227,47.967663],[9.53988,47.9673067],[9.539993,47.966927],[9.540165,47.9667661],[9.540375,47.9666571],[9.5406912,47.9665381],[9.5411854,47.9662407],[9.5415427,47.96631],[9.5415658,47.9659063],[9.5417405,47.9661126],[9.542156,47.9662918],[9.5427237,47.9663824],[9.5431411,47.9660824],[9.5439082,47.9657312],[9.5443026,47.9655],[9.545937,47.9639626],[9.5467314,47.9633098],[9.546878,47.9632626],[9.54793,47.9635172],[9.548031,47.9634878],[9.5481538,47.9637286],[9.5483439,47.9640066],[9.5484408,47.9641784],[9.5484838,47.9643606],[9.5480112,47.9645171],[9.5475812,47.9645954],[9.5468389,47.9647993],[9.5464487,47.9648554],[9.5460579,47.9648566],[9.545816,47.964961],[9.5456565,47.9651016],[9.5458325,47.9653976],[9.546061,47.9655509],[9.5463667,47.9656283],[9.5469068,47.9656617],[9.5472055,47.9657309],[9.5474713,47.9657384],[9.5474803,47.9662565],[9.5475689,47.9668042],[9.5478298,47.967086],[9.5483644,47.9673346],[9.5487104,47.9675328],[9.5498446,47.9682481],[9.5498035,47.9683577],[9.5498648,47.9684965],[9.5503849,47.9687945],[9.5521566,47.9693947],[9.5522928,47.9698797],[9.5525227,47.9704348],[9.5529405,47.9709853],[9.5530153,47.9714841],[9.5530261,47.9719767],[9.552978,47.972451],[9.5532278,47.9724216],[9.5535816,47.9723022],[9.5538804,47.9723198],[9.5539033,47.9729529],[9.5538079,47.9735442],[9.5537559,47.9736822],[9.55527,47.9739739],[9.5553901,47.9735131],[9.5548395,47.9732799],[9.5544144,47.9731903],[9.5545837,47.9725934],[9.5545493,47.9716604],[9.5545989,47.9713091],[9.5545929,47.9706492],[9.5544336,47.9702894],[9.5541064,47.969998],[9.5538919,47.9696253],[9.5539332,47.9695269],[9.5540226,47.9694883],[9.553837,47.9684728],[9.5537649,47.9682687],[9.5538147,47.9682403],[9.5549697,47.9681079],[9.5552594,47.9679424],[9.5558048,47.9680076],[9.556185,47.968081],[9.5563892,47.9681587],[9.556433,47.968302],[9.5564342,47.9685933],[9.5569849,47.9691196],[9.5574868,47.9691068],[9.5580299,47.968987],[9.5582451,47.9688589],[9.5583912,47.9685078],[9.5584771,47.9683979],[9.5587515,47.9681999],[9.5595372,47.9680168],[9.5602921,47.9680621],[9.5604047,47.9679263],[9.5604402,47.9675519],[9.5605272,47.9674113],[9.5631366,47.9665847],[9.5631654,47.9666705],[9.5628546,47.9668421],[9.5626297,47.96706],[9.5624974,47.9672732],[9.5624755,47.9674593],[9.5625952,47.9676268],[9.5631021,47.9681018],[9.5633918,47.9679992],[9.5636132,47.9681451],[9.5638911,47.968091],[9.5641977,47.96838],[9.5643639,47.9684914],[9.5641437,47.9686881],[9.5640388,47.9688502],[9.5639942,47.9690113],[9.5640744,47.9692548],[9.5642827,47.9693848],[9.5649049,47.969968],[9.5646921,47.9701732],[9.5645385,47.9704052],[9.5640161,47.9709509],[9.5638212,47.9711988],[9.5634276,47.9714507],[9.5634243,47.971656],[9.5631339,47.9719819],[9.5632837,47.9722],[9.5638789,47.9722646],[9.5636548,47.9726065],[9.5640313,47.9727261],[9.5640623,47.9728527],[9.5644307,47.9731238],[9.5628473,47.9748767],[9.5623129,47.9755603],[9.5620153,47.9761031],[9.5619263,47.9765944],[9.5619064,47.9768918],[9.5619524,47.9774735],[9.5623773,47.9808427],[9.562489,47.9815165],[9.5625734,47.9817784],[9.5628192,47.9822112],[9.5629484,47.9823873],[9.5631996,47.982644],[9.563625,47.9829623],[9.5640221,47.9831627],[9.5643631,47.983267],[9.5644981,47.983288],[9.56444,47.9834186],[9.5646009,47.9834065],[9.564315,47.9837528],[9.5640615,47.9842087],[9.5639916,47.9842651],[9.5637306,47.9843288],[9.5636554,47.9843815],[9.5635978,47.9845016],[9.5634836,47.9845659],[9.5633039,47.9848108],[9.5629977,47.9851087],[9.5628517,47.9851841],[9.5625667,47.9854195],[9.5624102,47.9854619],[9.5622898,47.9854674],[9.5614401,47.9857124],[9.5587517,47.9866073],[9.5582657,47.9860387],[9.5580675,47.9858742],[9.5576803,47.9853546],[9.5575756,47.985259],[9.5543694,47.985632],[9.5540174,47.9861615],[9.5544303,47.9864484],[9.5535564,47.9870911],[9.5519036,47.9880363],[9.5514992,47.9895957],[9.5512073,47.9906653],[9.5520294,47.9908845],[9.5528292,47.9913385],[9.5546806,47.9919849],[9.5555786,47.9923217],[9.556445,47.9927183],[9.5573186,47.9920799],[9.5576638,47.9918409],[9.5577776,47.9917971],[9.5578059,47.9917755],[9.55783,47.9916622],[9.5579424,47.9914129],[9.5580049,47.9912464],[9.5580813,47.991136],[9.5581487,47.9909465],[9.5598002,47.9913032],[9.5595986,47.9916322],[9.559066,47.9921238],[9.558523,47.9923595],[9.5581311,47.9923999],[9.5579646,47.9924475],[9.5574738,47.9926743],[9.556704,47.993197],[9.5564774,47.9933867],[9.5562243,47.9936808],[9.5558086,47.9942391],[9.5556044,47.9942078],[9.5550255,47.9951298],[9.5554476,47.9952718],[9.5560766,47.9955445],[9.5558195,47.9960877],[9.5553163,47.9974452],[9.5556049,47.9976888],[9.5558353,47.9979254],[9.5562782,47.9981083],[9.5576734,47.9984454],[9.5568798,47.9991345],[9.556776,47.9991887],[9.556466,48.00023],[9.5555185,48.0012266],[9.5547591,48.0017376],[9.5560264,48.0019392],[9.5566675,48.0021017],[9.5565271,48.0025343],[9.5564994,48.0032235],[9.5560177,48.0032144],[9.5550378,48.0030118],[9.5548708,48.0034029],[9.5550279,48.0034379],[9.554292,48.0046393],[9.5547818,48.0047379],[9.5543731,48.0055993],[9.5543651,48.0056438],[9.5549497,48.0054151],[9.555983,48.0047804],[9.5561327,48.0047168],[9.5566806,48.0046014],[9.5572636,48.0043192],[9.5584779,48.0040058],[9.5602991,48.0034068],[9.5608672,48.00322],[9.5613558,48.0030878],[9.5621867,48.0029107],[9.5631117,48.0027741],[9.5640125,48.0026873],[9.5649721,48.002426],[9.5657556,48.0019976],[9.565551,48.0015133],[9.5659243,48.0011496],[9.5663798,48.0009275],[9.5668787,48.0006218],[9.5670034,48.0004568],[9.5672885,48.0002971],[9.5664899,48.0000971],[9.565621,47.9997942],[9.5651981,47.9991125],[9.5652467,47.9985691],[9.5642552,47.9975954],[9.564118,47.9972787],[9.5641219,47.9971569],[9.5642053,47.9969867],[9.5647264,47.996403],[9.5656341,47.9952394],[9.5670312,47.9949704],[9.5705966,47.9968776],[9.5712473,47.9962805],[9.5719609,47.9957148],[9.5715757,47.995378],[9.5721592,47.9952255],[9.5724983,47.9951031],[9.5727851,47.9950704],[9.5731588,47.9951644],[9.5739967,47.995018],[9.574863,47.9948158],[9.5754957,47.9948122],[9.5758156,47.9949006],[9.5763349,47.9951219],[9.5771956,47.9956625],[9.5773923,47.995729],[9.5776169,47.9952559],[9.5789472,47.9942115],[9.5792692,47.9944201],[9.5798784,47.9946692],[9.5804103,47.9949748],[9.5809413,47.9953414],[9.5813645,47.9956916],[9.5800158,47.9960226],[9.5801004,47.996467],[9.5799602,47.9974441],[9.5803156,47.9977583],[9.5802499,47.9983903],[9.5803782,47.9991628],[9.5804396,48.0001887],[9.580871,48.0003087],[9.5809285,48.0003579],[9.580899,48.0004176],[9.5811485,48.0004378],[9.581627,48.0005269],[9.5824913,48.0007348],[9.5823903,48.0008822],[9.5831633,48.0011644],[9.5843246,48.0015463],[9.5859147,48.001945],[9.5880567,48.0023634],[9.5886883,48.0024014],[9.5886963,48.002295],[9.5885577,48.0016206],[9.5881509,48.000698],[9.5879779,48.000197],[9.5883631,48.0001778],[9.589077,48.0000578],[9.5892262,47.9999814],[9.5897072,47.9996328],[9.5896642,48.0004128],[9.5906709,48.0011799],[9.5906233,48.0014355],[9.5914765,48.0016266],[9.5921357,48.0017475],[9.5921301,48.0018221],[9.5930835,48.0020023],[9.59337,48.0014091],[9.5952178,48.0018364],[9.5962296,48.0020956],[9.5953737,48.0029715],[9.5952094,48.0032116],[9.5967233,48.0034428],[9.5981377,48.0036045],[9.5990372,48.0036462],[9.5998454,48.0037449],[9.6000919,48.0037237],[9.6009719,48.0034721],[9.6015433,48.0033351],[9.6024259,48.0021013],[9.6035511,48.0021711],[9.60412,48.0021823],[9.6045967,48.002143],[9.604825,48.0021242],[9.60489,48.0022795],[9.6051265,48.0027522],[9.6052983,48.0033161],[9.6051613,48.003525],[9.604694,48.0042075],[9.6046089,48.0045442],[9.6042025,48.0056315],[9.6041486,48.0058593],[9.6041209,48.0064975],[9.6043025,48.006847],[9.6047871,48.0089319],[9.6043773,48.0097247],[9.6037596,48.0103954],[9.6035479,48.0105107],[9.6032322,48.0107316],[9.6027266,48.0109578],[9.6023398,48.0111792],[9.600429,48.0125097],[9.5999811,48.0126065],[9.5997414,48.0129339],[9.5995843,48.0136273],[9.5991996,48.0141208],[9.5987513,48.0145603],[9.5981789,48.0154254],[9.5978317,48.0160174],[9.5974351,48.0163767],[9.5969568,48.0167554],[9.5966654,48.0171982],[9.5962639,48.0172429],[9.596039,48.0173115],[9.5959563,48.0173704],[9.5959538,48.0174605],[9.5949114,48.0174584],[9.5943271,48.0174183],[9.5938937,48.0174323],[9.5932525,48.0173805],[9.5927064,48.017228],[9.5918603,48.0170458],[9.5917712,48.0171682],[9.5914613,48.0170798],[9.5911105,48.017713],[9.5890765,48.0176906],[9.5890546,48.0181751],[9.5888584,48.0188884],[9.5906233,48.0193508],[9.5905984,48.0196004],[9.5905648,48.0195997],[9.5906137,48.0199199],[9.5907217,48.020257],[9.5908791,48.0204826],[9.5912665,48.0207825],[9.5915985,48.0209537],[9.5917971,48.0210104],[9.5922844,48.0210703],[9.5928642,48.0210732],[9.5929843,48.0212036],[9.5911743,48.021938],[9.5908246,48.0222675],[9.5907753,48.0221668],[9.5890655,48.0222178],[9.5878746,48.0222288],[9.5874552,48.0221801],[9.5865569,48.0222247],[9.5857165,48.0222934],[9.583655,48.0224956],[9.5830777,48.022464],[9.5825265,48.022534],[9.5821322,48.0227312],[9.581626,48.0231562],[9.5805209,48.0225237],[9.5801636,48.0228553],[9.5799864,48.0230712],[9.5789696,48.0232921],[9.5786418,48.0235882],[9.5788609,48.0240716],[9.5791368,48.0244254],[9.5794192,48.0246179],[9.5801386,48.0250171],[9.5803172,48.0252348],[9.5806422,48.0261005],[9.5807739,48.026291],[9.5811911,48.0263582],[9.5809264,48.0268251],[9.5803821,48.0275163],[9.5798374,48.0279],[9.5791981,48.0284347],[9.5787169,48.0293283],[9.5786807,48.0297971],[9.5786994,48.0307069],[9.578663,48.0310644],[9.5787257,48.0317365],[9.5786942,48.0322742],[9.5785841,48.0328201],[9.578499,48.0332881],[9.5782654,48.0339639],[9.5782683,48.0344805],[9.5781458,48.0345741],[9.5775406,48.0348317],[9.5770125,48.0348913],[9.576643,48.034884],[9.575859,48.0347763],[9.5756649,48.0351362],[9.5754198,48.0354091],[9.5753257,48.0357353],[9.5753505,48.0359229],[9.5756098,48.0366467],[9.5756753,48.0374099],[9.5751452,48.0377748],[9.5743006,48.0384539],[9.5742525,48.038726],[9.5740697,48.0391625],[9.5737032,48.0396112],[9.5728942,48.0400141],[9.5720189,48.040496],[9.5714355,48.0408744],[9.5709487,48.0412325],[9.5709875,48.0415211],[9.5707359,48.0418769],[9.570461,48.0421106],[9.5700045,48.0423866],[9.5717692,48.0431117],[9.5719181,48.0434261],[9.5718897,48.043947],[9.5710379,48.0444666],[9.5702548,48.0450284],[9.5692355,48.0457131],[9.5686157,48.0461122],[9.5676732,48.0454812],[9.5670883,48.0450053],[9.5686806,48.0446833],[9.5684741,48.0440915],[9.5680426,48.0438984],[9.5676904,48.0435477],[9.5669047,48.0433268],[9.5652834,48.0427837],[9.5649467,48.0436881],[9.5634769,48.0433413],[9.5621863,48.0442456],[9.5615184,48.0447503],[9.5585631,48.0449843],[9.5583453,48.0452345],[9.5582362,48.0454359],[9.5583635,48.0457385],[9.5575189,48.0462996],[9.5570026,48.0466975],[9.5559563,48.047898],[9.5554508,48.0483388],[9.5549385,48.0486452],[9.5515555,48.0479445],[9.5489617,48.0474454],[9.5488343,48.0477796],[9.5488435,48.0480912],[9.5490983,48.0486626],[9.5465924,48.0492459],[9.545858,48.0492974],[9.5457468,48.0492866],[9.5459459,48.0496438],[9.5460449,48.0499221],[9.5462116,48.0502483],[9.5466762,48.0508345],[9.5467306,48.0511612],[9.5465909,48.051557],[9.5460473,48.0524281],[9.5457119,48.0528315],[9.5450523,48.052762],[9.5450661,48.0525373],[9.5451312,48.0523829],[9.5455765,48.0518125],[9.5457218,48.0515372],[9.5457141,48.0511711],[9.5455956,48.0507757],[9.5454439,48.050487],[9.5452218,48.0496669],[9.5450111,48.0492947],[9.5443711,48.0494751],[9.5420578,48.0498106],[9.5420586,48.0510066],[9.5428674,48.0509307],[9.5418326,48.0524462],[9.5420762,48.0525473],[9.5377382,48.0524551],[9.5377551,48.0525319],[9.5369578,48.0536354],[9.536217,48.0548057],[9.5344103,48.057831],[9.5321713,48.0616714],[9.5321886,48.0618765],[9.5319636,48.0619488],[9.5315598,48.0619946],[9.5312057,48.0619903],[9.5297516,48.0623341],[9.5290445,48.0630172],[9.5287168,48.0636979],[9.5283697,48.0643312],[9.5277549,48.0651945],[9.5275157,48.0655838],[9.5251186,48.064504],[9.5243691,48.0642228],[9.5240471,48.064021],[9.5232207,48.0636874],[9.5227714,48.0635243],[9.5219184,48.0634149],[9.5214976,48.0631676],[9.5207325,48.0635552],[9.5202895,48.0638535],[9.5196386,48.0646368],[9.5191625,48.0651185],[9.5185129,48.0656569],[9.5172939,48.0662945],[9.516576,48.0655115],[9.5158643,48.0647977],[9.5149957,48.0642011],[9.5146331,48.0638175],[9.514726,48.0628484],[9.5144231,48.0629195],[9.5138824,48.063117],[9.512927,48.0635237],[9.5123886,48.0637162],[9.5129601,48.0644533],[9.5119832,48.0645587],[9.5111502,48.0650141],[9.5104988,48.064499],[9.5103577,48.0646173],[9.5107254,48.065192],[9.5108696,48.0662272],[9.5108906,48.066642],[9.5108624,48.0670335],[9.5108113,48.0674489],[9.510717,48.0677692],[9.5081256,48.0678271],[9.5074425,48.0678751],[9.5072932,48.0684273],[9.5071224,48.0688714],[9.5064794,48.0697341],[9.5061699,48.0701649],[9.5060875,48.070589],[9.5060724,48.0710374],[9.5068115,48.0718244],[9.5073619,48.0721348],[9.5064303,48.0728746],[9.5054046,48.0736618],[9.5047281,48.0740314],[9.504044,48.0742504],[9.5029128,48.0745849],[9.5017316,48.0752229],[9.5023084,48.0760831],[9.5006904,48.0759595],[9.4924738,48.0752487],[9.4893957,48.0749694],[9.4861867,48.0746573],[9.4851745,48.0742488],[9.4839342,48.0738597],[9.4834185,48.0737238],[9.4828992,48.0743183],[9.4824244,48.0740019],[9.4820961,48.0739125],[9.4818754,48.0738793],[9.4815708,48.0738535],[9.4810822,48.0737984],[9.479265,48.0735284],[9.479165,48.073938],[9.4791195,48.0739364],[9.4785065,48.0738055],[9.4780894,48.0737309],[9.4777505,48.0736522],[9.4773654,48.0735235],[9.4765006,48.0732736],[9.4759288,48.0731341],[9.4758753,48.0734052],[9.4757449,48.073742],[9.4756253,48.0739329],[9.4755066,48.0740991],[9.4750829,48.0745114],[9.4749991,48.0744569],[9.4744715,48.0743648],[9.4740097,48.0742627],[9.4738917,48.0742271],[9.4737151,48.0740024],[9.4734744,48.074375],[9.472967,48.0742373],[9.4726933,48.0746725],[9.4725739,48.0748286],[9.4723955,48.0750315],[9.4722353,48.0751715],[9.4718947,48.0753704],[9.4705781,48.0759999],[9.4695642,48.0763863],[9.4689775,48.0765732],[9.4678982,48.0768941],[9.4676489,48.0768946],[9.4674043,48.0769116],[9.4673344,48.07691],[9.4664295,48.076847],[9.4648635,48.0767563],[9.4648393,48.0755376],[9.4635593,48.0753895],[9.4635099,48.0753994],[9.4634755,48.0754251],[9.463187,48.0760986],[9.4630249,48.0762359],[9.4596291,48.0760872],[9.4560826,48.0758956],[9.4557235,48.0766005],[9.4555871,48.0768299],[9.4554368,48.0771322],[9.455414,48.0771781],[9.4553628,48.0773087],[9.4553489,48.0774202],[9.455351,48.0775066],[9.4544854,48.077807],[9.4541243,48.0783123],[9.45308,48.0782945],[9.4530269,48.0783239],[9.4528331,48.0795552],[9.4526842,48.079538],[9.4527056,48.079911],[9.4527061,48.0805812],[9.4526336,48.0810257],[9.4532633,48.0811711],[9.4536478,48.0812328],[9.4536376,48.0816158],[9.4523515,48.0814497],[9.4510781,48.0812691],[9.4505764,48.0817821],[9.4501366,48.0816548],[9.4498899,48.0818307],[9.4491277,48.0823464],[9.4483027,48.0828396],[9.4480288,48.0825243],[9.4471887,48.082876],[9.4464373,48.0831693],[9.4465742,48.0833194],[9.4455026,48.0837825],[9.4447784,48.0841205],[9.4445717,48.0842257],[9.4441332,48.0838643],[9.4439284,48.0836338],[9.4438865,48.0835401],[9.4410868,48.084469],[9.4385193,48.0848301],[9.4344149,48.0853812],[9.4335126,48.0855784],[9.4322425,48.0857802],[9.4313164,48.085959],[9.4310105,48.0860363],[9.4303041,48.0862461],[9.4298249,48.0864022],[9.4276643,48.0872213],[9.4280829,48.0877501],[9.4233806,48.0904851],[9.4234243,48.0903659],[9.4235198,48.0899714],[9.423594,48.0897382],[9.4237106,48.0895154],[9.423527,48.0894635],[9.4234075,48.0897065],[9.4232585,48.090225],[9.4231458,48.0904258],[9.4229132,48.0906325],[9.422038,48.0912125],[9.421027,48.0919148],[9.4208899,48.0918985],[9.4207501,48.0920369],[9.4207741,48.0919314],[9.420059,48.091337],[9.4198419,48.0913458],[9.4184866,48.0913495],[9.4179676,48.0932781],[9.4147632,48.093641],[9.4148929,48.0939051],[9.4148949,48.0955226],[9.4148722,48.0955923],[9.4148821,48.0966858],[9.4147755,48.0969206],[9.4145825,48.0977247],[9.4143061,48.0984948],[9.4140381,48.1000999],[9.4138733,48.1001848],[9.4142051,48.1004968],[9.4133663,48.1008766],[9.4126925,48.1012732],[9.4119915,48.1017429],[9.4121277,48.102159],[9.412396,48.1026221],[9.4112238,48.1024883],[9.4112387,48.1024436],[9.4100317,48.1023633],[9.4088822,48.1020713],[9.4081956,48.1019338],[9.4078751,48.1019902],[9.4062244,48.1020494],[9.4057688,48.1019937],[9.4052431,48.1018083],[9.4044133,48.1014106],[9.4039726,48.1010414],[9.4034626,48.1013356],[9.4027108,48.1011357],[9.4025491,48.1011012],[9.401184,48.100731],[9.4007997,48.1006006],[9.3999687,48.100289],[9.3972401,48.0996469],[9.3973537,48.0993488],[9.3974235,48.0992004],[9.3966515,48.0990191],[9.3957437,48.0987534],[9.3959793,48.0986113],[9.3961383,48.0985054],[9.3963957,48.0980547],[9.3967309,48.0976152],[9.3970457,48.0971641],[9.3973122,48.0967793],[9.3977338,48.0962211],[9.3985724,48.0950311],[9.3992154,48.0942288],[9.3990166,48.0934895],[9.3988732,48.0934837],[9.3986923,48.0934804],[9.3983885,48.0934711],[9.3980915,48.0934686],[9.397654,48.0934261],[9.3972879,48.0933509],[9.3968327,48.0932604],[9.3964189,48.0932085],[9.3962545,48.0931934],[9.3957698,48.093149],[9.3952366,48.0930934],[9.3946688,48.0929968],[9.3944678,48.0927822],[9.3938901,48.0926509],[9.3933848,48.092677],[9.3929582,48.0926892],[9.3926302,48.092651],[9.3920795,48.0924487],[9.3914131,48.0923083],[9.389712,48.0921744],[9.3893024,48.0922072],[9.3885266,48.0920237],[9.388171,48.091917],[9.3883162,48.0915739],[9.3879344,48.091335],[9.3877629,48.0912006],[9.3873189,48.0909477],[9.3866461,48.0904449],[9.3865915,48.0904453],[9.3863158,48.0904907],[9.3860639,48.0905381],[9.3858463,48.0905899],[9.3856798,48.0906368],[9.3855267,48.0906562],[9.3853042,48.0906143],[9.3851025,48.0905837],[9.3848904,48.0905532],[9.3846377,48.0905413],[9.3842966,48.0905482],[9.3841077,48.0905714],[9.3838596,48.0906501],[9.3831848,48.0909164],[9.3818868,48.0915289],[9.3810794,48.0919325],[9.3796811,48.0926356],[9.3790966,48.0928797],[9.3775288,48.0935132],[9.3766333,48.0937956],[9.3757233,48.0940489],[9.3752585,48.093233],[9.3742063,48.0924761],[9.3732131,48.0924494],[9.3724584,48.0927855],[9.3697368,48.0939117],[9.3696597,48.0938443],[9.3693879,48.0939583],[9.3683701,48.0938528],[9.3679468,48.0937829],[9.3671616,48.0936773],[9.3664449,48.0936309],[9.3659661,48.092733],[9.3650156,48.0928072],[9.3646745,48.0928353],[9.3640847,48.0928955],[9.3642434,48.0936423],[9.3642459,48.0936548],[9.3636269,48.0936859],[9.3623745,48.0939262],[9.3621702,48.0939837],[9.3611234,48.0942184],[9.3605113,48.094385],[9.3599161,48.0945276],[9.359624,48.0945782],[9.3586884,48.09465],[9.3583729,48.0946509],[9.3575226,48.0946378],[9.3569752,48.0946714],[9.3550739,48.0949095],[9.3543378,48.0950326],[9.3529273,48.0953141],[9.3527914,48.0953605],[9.3523569,48.0955968],[9.3522115,48.0957118],[9.3514115,48.0966467],[9.3512274,48.0970738],[9.3505283,48.0975188],[9.3499321,48.0983401],[9.3498748,48.0987394],[9.34971,48.0992551],[9.3497091,48.0998464],[9.3498248,48.1000706],[9.3502388,48.100129],[9.350816,48.1003242],[9.350083,48.1013103],[9.3561413,48.1045249],[9.3560616,48.1045653],[9.3560782,48.1045766],[9.3551097,48.1050008],[9.3431603,48.1102333],[9.3431019,48.1101747],[9.341808,48.1107445],[9.3291594,48.1118473],[9.3279768,48.1119754],[9.3279192,48.1120291],[9.3273324,48.1123029],[9.326989,48.1123752],[9.3262906,48.1124624],[9.3260296,48.1125657],[9.3254695,48.1129135],[9.3251912,48.1133085],[9.3251572,48.1134358],[9.3248142,48.1136713],[9.3242331,48.1139633],[9.3238226,48.1143295],[9.323666,48.1145318],[9.32359,48.1146557],[9.3234669,48.1149993],[9.3228839,48.1152607],[9.3227231,48.1153574],[9.3224557,48.1156474],[9.3222116,48.1159052],[9.3220429,48.1161807],[9.321762,48.1163087],[9.3214861,48.1165048],[9.3217555,48.1166763],[9.3220625,48.1168495],[9.3222117,48.1169806],[9.3223006,48.1171625],[9.3223251,48.1173701],[9.3221817,48.1175471],[9.3214618,48.1180808],[9.320694,48.1187929],[9.3195546,48.1195266],[9.3193517,48.1196555],[9.3192563,48.1196976],[9.319207,48.1197259],[9.3189886,48.1197301],[9.3189456,48.1208607],[9.3187672,48.1225952],[9.3187794,48.1228736],[9.3188182,48.1231176],[9.3189171,48.1232926],[9.319104,48.123606],[9.3192329,48.1237443],[9.3191845,48.1240157],[9.3191393,48.1242626],[9.3190339,48.1246196],[9.3189362,48.1250724],[9.3188329,48.125635],[9.3187851,48.1259619],[9.3187676,48.1262363],[9.3186608,48.126479],[9.3185935,48.1265569],[9.3184656,48.1267357],[9.3184261,48.1268684],[9.3184649,48.1269893],[9.3184834,48.1277845],[9.3184492,48.1281022],[9.3185084,48.1283343],[9.3185624,48.1286058],[9.3185448,48.1288936],[9.318448,48.1290995],[9.3182793,48.1292943],[9.317992,48.1295628],[9.317583,48.1299642],[9.3174318,48.1301863],[9.3173144,48.1308888],[9.3163199,48.1309471],[9.316016,48.1309347],[9.315582,48.1308886],[9.315196,48.1308515],[9.3148707,48.1307661],[9.3143984,48.1306449],[9.3137549,48.1304627],[9.3131181,48.1302782],[9.312509,48.1301325],[9.3120704,48.129954],[9.3117241,48.1298116],[9.3114149,48.129612],[9.3111302,48.1298073],[9.3105426,48.129762],[9.3102694,48.129754],[9.3100178,48.1298441],[9.3098657,48.1299932],[9.3097551,48.1301946],[9.3096652,48.130421],[9.3096852,48.1307133],[9.3097557,48.1309276],[9.3098735,48.1311075],[9.3100872,48.1313052],[9.3104717,48.1315228],[9.3107806,48.1316836],[9.3111917,48.1318416],[9.3114997,48.1319156],[9.3123447,48.1320924],[9.3122553,48.1323759],[9.3121616,48.132559],[9.3119827,48.1327516],[9.3116605,48.1329699],[9.3114673,48.1330918],[9.3110764,48.1332534],[9.3106005,48.133454],[9.3099234,48.133683],[9.3091376,48.133949],[9.308215,48.1341928],[9.3075096,48.1343467],[9.3069942,48.1344405],[9.306216,48.1346672],[9.3054448,48.135045],[9.3051373,48.1353591],[9.3047943,48.1355364],[9.3041968,48.1358678],[9.3035693,48.1362723],[9.3031824,48.1365047],[9.3029609,48.1365467],[9.3020469,48.1366327],[9.30132,48.1366472],[9.3010636,48.1366233],[9.3002126,48.1365218],[9.3001258,48.1367254],[9.2997611,48.1367863],[9.2993557,48.1368588],[9.2990624,48.136892],[9.2987221,48.1370031],[9.2984061,48.1371551],[9.2981004,48.1373048],[9.2972791,48.1371028],[9.297081,48.1370967],[9.2963371,48.1371273],[9.296064,48.1371307],[9.2954536,48.1372041],[9.2951567,48.1372076],[9.2946384,48.1372714],[9.2943901,48.1373683],[9.2943025,48.1374852],[9.294296,48.137862],[9.2937772,48.1378801],[9.2926944,48.1378161],[9.2917612,48.1376944],[9.2908353,48.1376916],[9.2906986,48.137893],[9.2903193,48.1381974],[9.2898649,48.1385065],[9.2896361,48.1386484],[9.2892769,48.1391748],[9.2889489,48.13939],[9.2885015,48.139587],[9.2881873,48.1397335],[9.2881086,48.139864],[9.2877258,48.1402027],[9.287261,48.1406033],[9.2868885,48.1408757],[9.2866493,48.1411503],[9.2864542,48.1414433],[9.2861977,48.1417614],[9.2860881,48.1420382],[9.2860602,48.1423814],[9.286005,48.1428412],[9.285612,48.1430519],[9.284833,48.1436127],[9.2849495,48.1438686],[9.2852888,48.1444444],[9.2853996,48.144558],[9.2859833,48.145274],[9.2868128,48.1462261],[9.2873479,48.1468739],[9.2877218,48.1472395],[9.2879157,48.1474256],[9.2881607,48.1476023],[9.2884743,48.1477969],[9.288816,48.1480598],[9.2891149,48.1481791],[9.2895771,48.1484962],[9.2897776,48.1486731],[9.2903395,48.1490307],[9.2893392,48.1492054],[9.2886126,48.1493442],[9.2877689,48.1492914],[9.2866997,48.1492231],[9.2851486,48.1490806],[9.2843696,48.1489956],[9.2837041,48.149068],[9.2826294,48.1492397],[9.2821929,48.149339],[9.281518,48.1495645],[9.2811596,48.1495996],[9.2803501,48.1495512],[9.2794652,48.1494642],[9.2787536,48.1492213],[9.2774805,48.1493294],[9.2771834,48.14933],[9.2767803,48.149299],[9.2764389,48.1493112],[9.2760669,48.1493555],[9.2755006,48.1494687],[9.2746105,48.149649],[9.2741782,48.1499197],[9.273755,48.1499594],[9.273399,48.1497981],[9.2731596,48.1497323],[9.2724759,48.1496037],[9.2724831,48.148937],[9.2723719,48.1485333],[9.2722567,48.1483581],[9.27197,48.1481154],[9.2713772,48.1482466],[9.2711995,48.1482385],[9.2705875,48.1482008],[9.2699331,48.1480721],[9.2693877,48.147913],[9.2682753,48.1474968],[9.2671588,48.1472883],[9.2661593,48.1471501],[9.265254,48.1471507],[9.2652506,48.1471529],[9.2633559,48.147264],[9.2632245,48.1484175],[9.2629859,48.148857],[9.2620189,48.1500496],[9.2616763,48.1505165],[9.2611047,48.1510639],[9.2603735,48.1516873],[9.2600255,48.1522397],[9.2601991,48.1523322],[9.2609701,48.1528518],[9.2620583,48.1530794],[9.2625351,48.1530084],[9.2630953,48.1530209],[9.2635462,48.1530382],[9.2645371,48.1531343],[9.2650431,48.1532498],[9.2658834,48.1535503],[9.2667121,48.1536308],[9.2672121,48.153949],[9.2680109,48.1545554],[9.2680135,48.1545595],[9.2681146,48.1547158],[9.2681948,48.1548706],[9.2682381,48.1550737],[9.268271,48.1552699],[9.2683516,48.1554636],[9.2684255,48.1556643],[9.2684209,48.155879],[9.2683881,48.1559957],[9.2682333,48.156218],[9.2679551,48.1564021],[9.2675947,48.1565615],[9.2670834,48.1566874],[9.2666058,48.1567583],[9.2661474,48.1567714],[9.2660358,48.1568251],[9.2659378,48.1569216],[9.2658783,48.1571137],[9.2658706,48.157349],[9.2659301,48.1574834],[9.2659998,48.1576019],[9.2661278,48.157752],[9.2664849,48.1579123],[9.2672189,48.1581645],[9.2680939,48.1585414],[9.2681865,48.1588891],[9.2682628,48.1591016],[9.2683764,48.1592887],[9.2684933,48.1594371],[9.2686952,48.1595166],[9.2691226,48.1595797],[9.2696007,48.1595557],[9.2705091,48.1595194],[9.2712535,48.1594789],[9.2719604,48.1594544],[9.2726915,48.1594711],[9.273129,48.1595112],[9.2739252,48.1595688],[9.2738691,48.15929],[9.2738542,48.1590684],[9.2744349,48.1590441],[9.2747051,48.159119],[9.2749792,48.1592761],[9.2758718,48.1588397],[9.2768989,48.1586591],[9.2772301,48.1586286],[9.2787807,48.158593],[9.2800197,48.1590633],[9.2811459,48.1595109],[9.2826061,48.1599371],[9.2826271,48.1599189],[9.2827419,48.1596695],[9.2833089,48.1587977],[9.2837904,48.1588826],[9.2844323,48.1588925],[9.2849238,48.1588823],[9.2856918,48.1588488],[9.2868692,48.1587754],[9.2876308,48.1588284],[9.2887104,48.1589811],[9.2888368,48.1589992],[9.2891246,48.1591902],[9.2897271,48.1599659],[9.2907158,48.1605191],[9.2912702,48.1608607],[9.2921487,48.1611242],[9.2934683,48.1616189],[9.2939459,48.1619164],[9.2942275,48.1619795],[9.2946964,48.1620547],[9.2952638,48.1620889],[9.2956846,48.162068],[9.2959142,48.1620136],[9.2962526,48.1619888],[9.296815,48.1619933],[9.2968526,48.1621618],[9.2969852,48.1624241],[9.2972135,48.1626972],[9.2975193,48.1628559],[9.2980986,48.1630476],[9.2982886,48.1631508],[9.2987185,48.1632987],[9.2988621,48.1635283],[9.299,48.1637838],[9.2997661,48.1644708],[9.2999647,48.1647166],[9.3000951,48.1649519],[9.3001945,48.1651315],[9.3004558,48.1655965],[9.3009292,48.1660994],[9.3013645,48.1665431],[9.3016272,48.1668344],[9.3017246,48.1670007],[9.3017647,48.1672268],[9.3016868,48.1676109],[9.3015744,48.167961],[9.3013955,48.1684182],[9.3012378,48.1687795],[9.3009601,48.169091],[9.3007706,48.1693359],[9.3005963,48.1697635],[9.3005643,48.1700513],[9.3006001,48.1702704],[9.3007504,48.1707312],[9.3009201,48.1710275],[9.3001199,48.171481],[9.2997267,48.1717575],[9.2998261,48.171796],[9.3001107,48.1719481],[9.3003811,48.1721138],[9.3004877,48.1724335],[9.3006127,48.172605],[9.3014228,48.1733608],[9.3013408,48.1737984],[9.3012164,48.1740569],[9.3011428,48.1741746],[9.3010612,48.1743209],[9.3010038,48.1745311],[9.3010556,48.174739],[9.301152,48.1749604],[9.3012104,48.1750746],[9.301584,48.1753941],[9.3017994,48.1754738],[9.3022883,48.1755374],[9.3027536,48.1756877],[9.3036918,48.1762923],[9.3038746,48.1768495],[9.3038828,48.1772972],[9.3038214,48.1784189],[9.3043091,48.1792158],[9.3064795,48.1803423],[9.308006,48.1810879],[9.3093606,48.1814018],[9.3103745,48.1810354],[9.3114873,48.1816716],[9.3124991,48.1817186],[9.3135085,48.182074],[9.314593,48.1823836],[9.3152361,48.1825703],[9.3154995,48.1826065],[9.3158319,48.182862],[9.3161715,48.1832455],[9.3163672,48.1835332],[9.3164501,48.183782],[9.3165062,48.1842229],[9.3165827,48.1846135],[9.3167314,48.1851205],[9.3170068,48.1857096],[9.317188,48.185956],[9.3180265,48.186042],[9.3187164,48.1868545],[9.3187721,48.1871834],[9.3188549,48.1873934],[9.3190088,48.1876642],[9.3193659,48.1879916],[9.3196735,48.1883318],[9.3199059,48.1885999],[9.3203023,48.1891251],[9.3203804,48.189885],[9.3202633,48.1903467],[9.3200218,48.1908349],[9.3199031,48.1911069],[9.319658,48.1914669],[9.3194167,48.1918773],[9.318971,48.1924588],[9.3185734,48.1929107],[9.3182945,48.1932912],[9.3182765,48.1934877],[9.3183023,48.1939076],[9.3184623,48.1943861],[9.3184991,48.1945914],[9.3184744,48.1947924],[9.3183265,48.1952635],[9.3181016,48.1958424],[9.3180212,48.1967812],[9.3179356,48.1973045],[9.3171861,48.1972377],[9.3165188,48.1971843],[9.315968,48.1971485],[9.3159637,48.197189],[9.3159002,48.1974448],[9.3159369,48.1979036],[9.3160095,48.1986866],[9.3153786,48.1996415],[9.3143122,48.1999849],[9.3133428,48.2004673],[9.3112751,48.2011857],[9.3111052,48.201576],[9.3113611,48.2022347],[9.3115031,48.2027888],[9.3115423,48.2032839],[9.3114651,48.2037545],[9.3113405,48.204248],[9.3115334,48.2051124],[9.3121201,48.2067626],[9.3126329,48.2071691],[9.3133177,48.2084012],[9.3125897,48.2093149],[9.3133445,48.2100355],[9.3138331,48.2107548],[9.3140827,48.2111305],[9.3143212,48.2121041],[9.3153212,48.2127904],[9.3153249,48.2134692],[9.3153487,48.2137936],[9.3155733,48.2140576],[9.3152233,48.2142147],[9.3147995,48.2144751],[9.3143559,48.2148246],[9.3134566,48.2156472],[9.3129526,48.2160816],[9.3123799,48.216482],[9.3117554,48.2168211],[9.3110254,48.2171994],[9.3107306,48.2174019],[9.3104987,48.2176322],[9.3102171,48.2179118],[9.3100175,48.2177642],[9.309775,48.2174157],[9.3070621,48.2187678],[9.30749,48.2191991],[9.3076209,48.2195148],[9.3077777,48.2202612],[9.3080155,48.2214054],[9.3079796,48.2222483],[9.3080142,48.2232707],[9.3079856,48.2238221],[9.308216,48.2245794],[9.3092912,48.2245358],[9.3105745,48.2244023],[9.3109448,48.2244302],[9.3112745,48.2245061],[9.3123156,48.2248133],[9.3134588,48.2252125],[9.3158027,48.2264144],[9.3167646,48.2260972],[9.3178277,48.2255911],[9.3189381,48.2253129],[9.3220653,48.2249268],[9.3230908,48.2248098],[9.3237847,48.2248326],[9.3242666,48.2250329],[9.3246809,48.2254642],[9.325413,48.2260025],[9.3260423,48.2263809],[9.3267124,48.2266611],[9.327628,48.2268929],[9.3289843,48.2271401],[9.330033,48.2273489],[9.3303172,48.2276067],[9.3304515,48.2280109],[9.3302961,48.2286052],[9.3301506,48.2290852],[9.330019,48.229643],[9.3298837,48.2301116],[9.3299595,48.2303765],[9.3301499,48.2312834],[9.3303006,48.231434],[9.3306118,48.2316072],[9.3312955,48.2318873],[9.3323591,48.2324273],[9.3329576,48.2327189],[9.3333034,48.2328534],[9.3338878,48.2330272],[9.3345474,48.2331829],[9.3352422,48.2333077],[9.3352452,48.2337731],[9.3353544,48.2339878],[9.3354281,48.2341448],[9.3355818,48.2342454],[9.3357869,48.234314],[9.3361047,48.2343781],[9.3365148,48.2344559],[9.3368973,48.2347508],[9.3370476,48.234897],[9.3370885,48.2350226],[9.3370712,48.2351848],[9.3369752,48.2353972],[9.3367665,48.2356369],[9.336568,48.235863],[9.3363765,48.2360319],[9.3361165,48.2361505],[9.3358292,48.2362372],[9.3354976,48.2363489],[9.3351762,48.2364037],[9.3348753,48.2364561],[9.3344549,48.2364969],[9.3343452,48.2366522],[9.3342835,48.2368486],[9.3342663,48.2369422],[9.334598,48.2369127],[9.3349637,48.2369083],[9.3353465,48.2369633],[9.3358181,48.2370663],[9.3362317,48.2371921],[9.336611,48.2372677],[9.3373561,48.237389],[9.3382934,48.237523],[9.3387172,48.2375962],[9.3390863,48.2377152],[9.3394963,48.2378752],[9.340043,48.2381907],[9.3403231,48.238369],[9.3406921,48.238513],[9.3410407,48.2386228],[9.3413723,48.2386823],[9.3418132,48.2387282],[9.3423055,48.2387672],[9.3427978,48.2387743],[9.3433789,48.2387334],[9.3441175,48.2386743],[9.3451467,48.2385765],[9.3466468,48.2391892],[9.3469168,48.239356],[9.3471321,48.2394361],[9.3473576,48.2395139],[9.3474635,48.2395664],[9.3476309,48.2396761],[9.347829,48.2398109],[9.3480205,48.2398773],[9.3482153,48.2398979],[9.3493366,48.2399143],[9.349675,48.2399852],[9.3498972,48.240095],[9.3502728,48.2405473],[9.3506416,48.241034],[9.3504192,48.2411915],[9.3500257,48.2414612],[9.3491978,48.2417804],[9.3479993,48.2420673],[9.3480576,48.2421963],[9.3464438,48.2424869],[9.3458273,48.2426688],[9.3451351,48.2429652],[9.3451126,48.2429773],[9.3440747,48.2435352],[9.3430392,48.2440927],[9.3424772,48.2445126],[9.3414739,48.2452646],[9.3414388,48.2453282],[9.3397306,48.2462695],[9.3387398,48.2469462],[9.3378923,48.2475073],[9.3371439,48.2479753],[9.336224,48.2485345],[9.3353284,48.2493858],[9.3346266,48.2500539],[9.3341385,48.2505187],[9.3333129,48.2513526],[9.3325701,48.2520843],[9.3323556,48.2523525],[9.3322114,48.2525962],[9.3319495,48.2530578],[9.3317653,48.2534959],[9.3310898,48.254082],[9.3309987,48.2545948],[9.3311294,48.2560164],[9.3309468,48.2560958],[9.330925,48.2561413],[9.3308903,48.2561794],[9.3305679,48.256397],[9.3304052,48.2564774],[9.3301722,48.2565633],[9.3299191,48.2566387],[9.3296004,48.256711],[9.3291008,48.2568135],[9.328966,48.2568485],[9.328863,48.2569106],[9.328776,48.257022],[9.3281175,48.2572066],[9.3271452,48.2573544],[9.3266008,48.2573751],[9.3262604,48.2574156],[9.32581,48.2574344],[9.3247023,48.2579591],[9.3236341,48.2582],[9.3235812,48.2588372],[9.3233725,48.2588172],[9.3227028,48.258739],[9.3219804,48.2586471],[9.3212265,48.2586218],[9.3203786,48.2585755],[9.3189795,48.2581363],[9.3183347,48.2580941],[9.3177244,48.2580542],[9.317313,48.2580875],[9.317121,48.2581055],[9.3167929,48.2581297],[9.3157534,48.2581813],[9.3155858,48.2582208],[9.3153199,48.258219],[9.3149455,48.2582057],[9.3148623,48.2582162],[9.3141895,48.2582129],[9.3130208,48.2581954],[9.3127885,48.2582056],[9.3117874,48.258454],[9.3103275,48.258817],[9.3098916,48.2597538],[9.3100636,48.2602069],[9.3102869,48.2612378],[9.3099727,48.2618929],[9.3096507,48.2624771],[9.3097444,48.2631151],[9.3096919,48.2635152],[9.3096639,48.2642487],[9.3095786,48.2644644],[9.3095593,48.2645219],[9.3093078,48.2653398],[9.3092987,48.2654605],[9.3093052,48.2659839],[9.3085481,48.265994],[9.3081271,48.2659848],[9.3069744,48.2657411],[9.3052368,48.2683073],[9.3046738,48.2678279],[9.304571,48.2678086],[9.3044171,48.2676688],[9.3043639,48.2677668],[9.3040722,48.2675269],[9.3037978,48.2672923],[9.3037431,48.2672331],[9.3035774,48.2672501],[9.3018824,48.2673009],[9.3010509,48.2673889],[9.30094,48.267468],[9.3009889,48.2675163],[9.3009555,48.2679172],[9.3009123,48.2680445],[9.3008039,48.2681919],[9.2983874,48.2704009],[9.2982286,48.2704963],[9.2987388,48.2709175],[9.2994128,48.2713359],[9.2993494,48.2714059],[9.2972924,48.2725553],[9.2967903,48.2734826],[9.2965793,48.2737118],[9.2960025,48.2738848],[9.2957253,48.2740359],[9.2955705,48.2741723],[9.2951819,48.2744049],[9.2941802,48.2754294],[9.2939887,48.2759048],[9.294499,48.2765906],[9.2948278,48.2768899],[9.2948037,48.2769243],[9.2950798,48.2770386],[9.2950944,48.2770859],[9.2949606,48.2772315],[9.2948638,48.2773923],[9.294742,48.2776403],[9.2946378,48.2778821],[9.2945512,48.2781544],[9.2944093,48.2787076],[9.2943196,48.2788836],[9.2942173,48.2790077],[9.2940624,48.2792123],[9.2939595,48.2793701],[9.2938053,48.2795542],[9.2936536,48.2796976],[9.2928019,48.2803935],[9.2927151,48.280442],[9.2926093,48.2804529],[9.2918434,48.2804298],[9.2917848,48.2803901],[9.2918588,48.281022],[9.2918395,48.2819756],[9.2923514,48.2823146],[9.2923338,48.2827507],[9.2920852,48.2835795],[9.2925886,48.283591],[9.2922857,48.2840872],[9.2920182,48.2841734],[9.2918259,48.2844022],[9.2918278,48.2844601],[9.2916385,48.284755],[9.2917238,48.2852541],[9.2916049,48.2859167],[9.2889803,48.2852741],[9.28883,48.285209],[9.2876548,48.2843101],[9.2875811,48.2843161],[9.2874607,48.2844432],[9.2872405,48.2845637],[9.2866768,48.2847193],[9.2849888,48.2848569],[9.2850414,48.2850671],[9.2842678,48.2854403],[9.2840508,48.2854742],[9.2837032,48.2855284],[9.2830385,48.2856475],[9.2828427,48.285341],[9.2820786,48.2856842],[9.2814976,48.2858185],[9.2813992,48.2857741],[9.280996,48.2856659],[9.280563,48.2857001],[9.2803416,48.2858833],[9.2801854,48.2861158],[9.2796411,48.2860323],[9.27906,48.2859738],[9.2786142,48.2851763],[9.277989,48.2845703],[9.2779536,48.2844798],[9.2771187,48.2844598],[9.2765008,48.2843635],[9.2760412,48.2843856],[9.2754276,48.2844324],[9.2752047,48.2844898],[9.274879,48.284561],[9.2741673,48.2848317],[9.2740943,48.2850451],[9.2738195,48.2855066],[9.2732921,48.285726],[9.2727407,48.2858135],[9.2727073,48.2859954],[9.2726244,48.2862623],[9.2724679,48.2864876],[9.2723627,48.2866983],[9.2721547,48.2869331],[9.2710661,48.287543],[9.2707899,48.2877135],[9.2703821,48.2882248],[9.2700205,48.2885882],[9.2698248,48.28858],[9.2696421,48.2888504],[9.2692846,48.2887959],[9.2686756,48.2885747],[9.2685353,48.2885457],[9.2693971,48.2870617],[9.2691618,48.2869983],[9.2694744,48.2861735],[9.2694978,48.2857295],[9.2702828,48.2852239],[9.2703922,48.2844819],[9.2706004,48.2834826],[9.2706956,48.2827921],[9.2709551,48.2821051],[9.2709727,48.2820585],[9.271347,48.2812809],[9.2714321,48.2811041],[9.2713745,48.2802059],[9.2708512,48.2795398],[9.270251,48.2791049],[9.2698096,48.2788764],[9.2683818,48.2786483],[9.2671085,48.2783969],[9.2669186,48.2778985],[9.2668673,48.2770009],[9.2667395,48.2762168],[9.2664743,48.2760392],[9.2657963,48.2753861],[9.2655935,48.2750099],[9.2653771,48.2746102],[9.2647082,48.2738825],[9.2641886,48.2736387],[9.2628813,48.2729579],[9.262207,48.2722584],[9.2614958,48.2718868],[9.2597682,48.2715752],[9.2594381,48.2715246],[9.2588468,48.2714155],[9.2588826,48.2713853],[9.2586116,48.2713284],[9.2586825,48.2713072],[9.2590034,48.2708749],[9.255118,48.2691561],[9.2547708,48.2693805],[9.2544752,48.2695466],[9.2533469,48.2690413],[9.2527361,48.2686915],[9.252551,48.2686519],[9.2526188,48.2686275],[9.2526412,48.2685663],[9.2526338,48.2685284],[9.2526011,48.2685025],[9.2517332,48.268447],[9.2508997,48.2683446],[9.249272,48.2680861],[9.2476589,48.267896],[9.2462821,48.2677786],[9.2452186,48.267762],[9.2445391,48.2681262],[9.2438984,48.2685613],[9.2429257,48.2693666],[9.2423601,48.2699962],[9.2419056,48.2702738],[9.2408237,48.2701848],[9.2385181,48.2701443],[9.2374735,48.2702702],[9.2366561,48.2703011],[9.2357367,48.2700535],[9.2341628,48.269802],[9.2328422,48.2692694],[9.232375,48.2690114],[9.2318969,48.2686142],[9.2315148,48.2684001],[9.2303906,48.2684284],[9.2297378,48.2682891],[9.2289693,48.268133],[9.2281142,48.2677772],[9.2273308,48.2673303],[9.2258632,48.2668335],[9.2250711,48.2666905],[9.2235968,48.2667916],[9.2229575,48.2670778],[9.2216402,48.2675451],[9.2214047,48.2677927],[9.221051,48.2684571],[9.2209812,48.2687497],[9.2210458,48.2689484],[9.2213409,48.2693502],[9.2214381,48.2697766],[9.2216281,48.2707762],[9.2218936,48.2713298],[9.2214216,48.2721167],[9.2210251,48.2730563],[9.2209241,48.2736043],[9.2212296,48.2746548],[9.2211563,48.2748505],[9.2207472,48.2760525],[9.220998,48.2772923],[9.2209216,48.2781694],[9.2202853,48.2790482],[9.2197946,48.2796476],[9.2190831,48.2804059],[9.2186488,48.2810473],[9.2182326,48.2814331],[9.2181218,48.2815249],[9.2180364,48.281863],[9.2176402,48.2825741],[9.2173602,48.2830631],[9.2171572,48.2833536],[9.2167618,48.2838968],[9.2165168,48.283807],[9.2161022,48.2836913],[9.2161154,48.2836731],[9.215294,48.2836547],[9.2146407,48.2836292],[9.2142718,48.2839559],[9.2141324,48.2838579],[9.2141466,48.283738],[9.2142215,48.2836311],[9.2136242,48.2836248],[9.2112387,48.2832925],[9.2100407,48.2834922],[9.2092689,48.2839243],[9.2088683,48.2846659],[9.2087643,48.285403],[9.2084104,48.2860723],[9.2076734,48.2863123],[9.2067632,48.2864361],[9.2058766,48.2865248],[9.2050799,48.2865398],[9.2042411,48.2865089],[9.2030615,48.2865177],[9.2027852,48.2865795],[9.2019717,48.2871797],[9.2011163,48.2880617],[9.2007765,48.2872699],[9.2002335,48.2867323],[9.199589,48.2863225],[9.1984072,48.2856209],[9.1977655,48.2850361],[9.1973179,48.2845878],[9.1965283,48.2840911],[9.1961746,48.2831984],[9.1959649,48.2829343],[9.1955541,48.2825042],[9.1952385,48.2816979],[9.1947132,48.2816549],[9.1941266,48.2814375],[9.1930552,48.281295],[9.1910891,48.2815635],[9.1899145,48.2814898],[9.1894752,48.2814364],[9.1887664,48.2813373],[9.188308,48.2812864],[9.1877637,48.2812013],[9.1871241,48.2805532],[9.1880573,48.2787401],[9.1891184,48.2775184],[9.188504,48.2768117],[9.1873938,48.2765422],[9.1875495,48.2761956],[9.1874558,48.2753786],[9.1874559,48.2741191],[9.1877427,48.273088],[9.1876763,48.2723395],[9.1868261,48.2717271],[9.1860696,48.2710531],[9.1849038,48.2705543],[9.1842093,48.2702571],[9.1828856,48.2698304],[9.1825517,48.2698532],[9.1813831,48.2698378],[9.1811585,48.2698408],[9.1801729,48.2699241],[9.1789858,48.2698886],[9.1787673,48.2698503],[9.177464,48.2696222],[9.1757935,48.2687532],[9.1741158,48.2679892],[9.1739177,48.26792],[9.1736102,48.2678128],[9.1732102,48.2676732],[9.172844,48.2676865],[9.1722829,48.2676972],[9.17085,48.2677552],[9.1704763,48.2677703],[9.1701089,48.2678112],[9.1690764,48.2679215],[9.1677015,48.2677625],[9.1676425,48.2680407],[9.1674296,48.2682755],[9.1676339,48.2686477],[9.1676774,48.2689444],[9.1665078,48.2687832],[9.1665037,48.2685603],[9.1650445,48.2685283],[9.1639455,48.2682686],[9.1628119,48.2677553],[9.1621334,48.267251],[9.1615552,48.2653857],[9.1587044,48.2652453],[9.1567052,48.2647119],[9.1559555,48.2645364],[9.1551098,48.2641948],[9.1543206,48.2639712],[9.1523276,48.2637163],[9.1522037,48.2637067],[9.1504063,48.2630886],[9.148817,48.2620273],[9.145616,48.2621084],[9.1425222,48.2626185],[9.1406307,48.2628307],[9.1403727,48.2627579],[9.1372763,48.2618843],[9.1357894,48.2619676],[9.1331753,48.2626948],[9.1320393,48.2621564],[9.1302155,48.2610715],[9.1288026,48.2598232],[9.1273126,48.2593814],[9.1258144,48.2590446],[9.1238001,48.2583743],[9.1232975,48.2580224],[9.1231479,48.2577132],[9.1197194,48.2566116],[9.1194372,48.25649],[9.1190041,48.2560644],[9.1180326,48.2554027],[9.1173286,48.2548477],[9.1167205,48.2543152],[9.1162235,48.2541247],[9.1153322,48.2537548],[9.1144791,48.2535308],[9.1136811,48.2533615],[9.1120159,48.2528792],[9.1114198,48.2527322],[9.1090682,48.2520873],[9.1093953,48.2503975],[9.1095584,48.2485169],[9.1112258,48.2470867],[9.1114051,48.2458794],[9.1115117,48.2454184],[9.1117589,48.2446265],[9.1119615,48.2439191],[9.1120034,48.2432093],[9.1114917,48.2420015],[9.1113181,48.2412392],[9.1107808,48.2385639],[9.1112985,48.2374434],[9.1117931,48.236339],[9.1142785,48.2362014],[9.116054,48.2360039],[9.1191872,48.2356721],[9.1190363,48.2350604],[9.121369,48.2348206],[9.1214788,48.2347226],[9.126304,48.2344529],[9.1267642,48.233756],[9.1271302,48.2335141],[9.1272569,48.2333566],[9.1273018,48.2327376],[9.1271899,48.2317486],[9.1271949,48.2296793],[9.1283062,48.2295153],[9.1296293,48.2293855],[9.1308054,48.2292695],[9.1314471,48.228524],[9.1321394,48.2281759],[9.1330489,48.2279272],[9.1337226,48.2276032],[9.1345808,48.2272974],[9.1356475,48.2271081],[9.1373295,48.2268985],[9.1385535,48.2265128],[9.1390971,48.2263919],[9.141097,48.2261069],[9.1435996,48.2256279],[9.1446798,48.2254225],[9.1456597,48.2252664],[9.1461259,48.2251922],[9.1467207,48.2250987],[9.1488985,48.2244254],[9.1497566,48.2241514],[9.1522246,48.2239508],[9.1535237,48.2237044],[9.154768,48.2234578],[9.1552848,48.2232504],[9.1569157,48.2222451],[9.1576856,48.2221831],[9.1587436,48.2223147],[9.1598318,48.2221794],[9.1610117,48.2216742],[9.1614117,48.2214298],[9.1619965,48.2212446],[9.1628412,48.2208765],[9.1636105,48.2204926],[9.1668815,48.2190779],[9.1679605,48.217972],[9.169152,48.2173087],[9.1710842,48.2165336],[9.1724339,48.2160045],[9.1734856,48.2158849],[9.1780177,48.2155666],[9.1791989,48.2153007],[9.1801912,48.214949],[9.180735,48.2140775],[9.1809376,48.213613],[9.1809695,48.2132199],[9.181064,48.2124682],[9.1816614,48.2119273],[9.1828588,48.2112933],[9.1835436,48.2105557],[9.1850819,48.2093234],[9.1850019,48.2093122],[9.1849887,48.2092725],[9.1852784,48.2090079],[9.1854662,48.2087058],[9.1855905,48.2084423],[9.181007,48.2057115],[9.1798432,48.2021744],[9.1795371,48.201891],[9.1786587,48.2016734],[9.1781874,48.2016434],[9.1777596,48.2016592],[9.1779858,48.2013539],[9.1785867,48.2013721],[9.1793677,48.1991683],[9.1792206,48.1991609],[9.1795573,48.198668],[9.1776516,48.1983785],[9.1776033,48.1983388],[9.1760764,48.1982427],[9.1760342,48.1978416],[9.1757914,48.1979638],[9.1756359,48.1980871],[9.1753824,48.1983768],[9.1752805,48.1982677],[9.1750659,48.1983008],[9.1753207,48.1979083],[9.1752523,48.1977081],[9.1754079,48.1975025],[9.1758934,48.1972236],[9.1759524,48.1971485],[9.1758531,48.1971744],[9.1753127,48.197035],[9.1752389,48.1970484],[9.175424,48.1964208],[9.1754025,48.1960847],[9.1756117,48.1958988],[9.175778,48.1956306],[9.1767597,48.1945328],[9.1770065,48.1943111],[9.1775858,48.1939821],[9.1778782,48.1938641],[9.1776812,48.1936438],[9.1774689,48.1936583],[9.1782603,48.1926749],[9.1777201,48.1923828],[9.1776611,48.1921232],[9.1777025,48.1919266],[9.1779939,48.1915748],[9.1784426,48.1911753],[9.1783125,48.1910262],[9.1780257,48.1907433],[9.1775778,48.1901939],[9.1773716,48.1898281],[9.1771963,48.1894188],[9.1769774,48.1888816],[9.1769321,48.1884613],[9.1770548,48.1879456],[9.1774066,48.1878929],[9.1784202,48.1878482],[9.178803,48.1878212],[9.1790321,48.1877757],[9.1792271,48.1876686],[9.1793232,48.1874949],[9.1792655,48.1873188],[9.1790267,48.1871423],[9.1786856,48.186959],[9.1784365,48.1868146],[9.1782285,48.1866543],[9.1780821,48.1864437],[9.1780555,48.1861738],[9.1781482,48.1859636],[9.1783573,48.185717],[9.1786823,48.1855481],[9.1789765,48.185393],[9.1791786,48.1852149],[9.1792849,48.1850847],[9.1793469,48.1848905],[9.1791337,48.1847605],[9.1790141,48.1846645],[9.1790072,48.1845412],[9.1790926,48.18445],[9.1792497,48.184377],[9.1795641,48.1843154],[9.1800049,48.18427],[9.1804321,48.1842587],[9.1807465,48.1842451],[9.181112,48.1841675],[9.181604,48.1839987],[9.1820004,48.1838779],[9.1823387,48.1838073],[9.1827317,48.1837823],[9.183333,48.1838006],[9.1837703,48.1838053],[9.1842043,48.1837758],[9.1846724,48.1837348],[9.18512,48.1837349],[9.1854378,48.1837487],[9.1856703,48.1837236],[9.1858274,48.1836712],[9.1859162,48.1835798],[9.1860118,48.1834544],[9.1860631,48.1833128],[9.1854754,48.1834656],[9.1825811,48.1833188],[9.1820104,48.1830265],[9.181761,48.1829603],[9.181614,48.1827982],[9.1815491,48.1826611],[9.1810159,48.1824853],[9.1806094,48.1823185],[9.1799806,48.1821792],[9.1792698,48.182042],[9.178607,48.181939],[9.1778484,48.1819251],[9.1771446,48.1819774],[9.1764919,48.1819955],[9.176557,48.1823356],[9.1764886,48.1825843],[9.1763485,48.1827487],[9.1758291,48.1831115],[9.1754173,48.1833191],[9.1738268,48.1833926],[9.1734874,48.183287],[9.1738748,48.1831604],[9.1751013,48.1828259],[9.1752209,48.1827163],[9.1752414,48.1825817],[9.1751834,48.1824379],[9.1749988,48.1823032],[9.1747357,48.1821957],[9.1745273,48.182093],[9.1744007,48.1819788],[9.1743598,48.1818099],[9.1744008,48.181568],[9.174534,48.1811936],[9.1746604,48.1808947],[9.1747731,48.1807167],[9.1749097,48.1806026],[9.1750977,48.180557],[9.1752856,48.1805616],[9.17615,48.180619],[9.1765089,48.1806807],[9.1770385,48.1807699],[9.1776331,48.180834],[9.1783437,48.1809027],[9.1788972,48.1809417],[9.1795498,48.1809807],[9.1801409,48.1810082],[9.1806944,48.1810107],[9.1807399,48.1809451],[9.1809618,48.1809351],[9.1811698,48.1808764],[9.1812889,48.18076],[9.1812572,48.1805824],[9.1814009,48.180448],[9.1819165,48.1802831],[9.1821396,48.1800661],[9.1821795,48.1799675],[9.1820921,48.1798537],[9.181917,48.179596],[9.1817832,48.1792739],[9.1817712,48.1791005],[9.1818246,48.1789088],[9.1820719,48.1786255],[9.1821704,48.17851],[9.1822138,48.1784259],[9.182249,48.1783253],[9.1822187,48.1782412],[9.1820378,48.1779718],[9.1819668,48.1777703],[9.181935,48.1775857],[9.1820244,48.1773293],[9.1821924,48.1770578],[9.182378,48.1768455],[9.1825864,48.1765625],[9.1828187,48.1763571],[9.1831431,48.1761609],[9.1835531,48.1760172],[9.18411,48.1759398],[9.1844892,48.1759079],[9.1847864,48.1758554],[9.1849299,48.1757026],[9.1850015,48.175504],[9.1849571,48.1752917],[9.1846972,48.1748306],[9.1846357,48.1746297],[9.1846528,48.1744038],[9.1847098,48.1742379],[9.1848381,48.1740707],[9.1851758,48.173957],[9.1855811,48.1739259],[9.1859408,48.1739235],[9.1862842,48.1738709],[9.1865955,48.1738345],[9.1869096,48.1738465],[9.1870734,48.1738355],[9.1871738,48.1737515],[9.1872385,48.1735102],[9.1873299,48.1733111],[9.187444,48.1731526],[9.1875776,48.1729871],[9.187662,48.1727934],[9.1880212,48.1724336],[9.1883785,48.1720476],[9.1884171,48.171901],[9.1885222,48.1717326],[9.1885668,48.1715772],[9.1884919,48.1714628],[9.188287,48.1713301],[9.1881197,48.1713575],[9.1878123,48.1713253],[9.1873786,48.1712383],[9.1868562,48.1711055],[9.1863202,48.1709338],[9.1858403,48.1707736],[9.1856556,48.1707397],[9.1853001,48.1707336],[9.1849142,48.1707641],[9.1843368,48.1707972],[9.1839267,48.1708072],[9.1836637,48.1708214],[9.1834142,48.1708014],[9.1828431,48.1707454],[9.1827199,48.1707206],[9.1823742,48.170607],[9.1820729,48.1705208],[9.1822318,48.1701983],[9.1822209,48.1700978],[9.1821304,48.169778],[9.1819904,48.1692093],[9.1816688,48.1683226],[9.1816885,48.1681623],[9.1816117,48.1672098],[9.1814079,48.1664776],[9.1812481,48.1662545],[9.181142,48.1661853],[9.1810261,48.1660352],[9.1805531,48.1657734],[9.1800324,48.1655459],[9.1795053,48.1653891],[9.1789624,48.1651317],[9.178399,48.1648744],[9.1778071,48.1645144],[9.1775201,48.1641822],[9.1770338,48.1639477],[9.1767665,48.1638386],[9.1764859,48.1637478],[9.1761571,48.1636205],[9.1759995,48.1635339],[9.1757354,48.1633517],[9.1751962,48.1628455],[9.1747592,48.1622819],[9.1742223,48.1615769],[9.1741981,48.1615404],[9.1748964,48.1611323],[9.1743379,48.1608614],[9.1746956,48.1606574],[9.175029,48.1603871],[9.1754204,48.1601236],[9.1756043,48.1599998],[9.1758195,48.1593893],[9.1756019,48.1589578],[9.1755596,48.1587157],[9.1755101,48.1583914],[9.17546,48.1579871],[9.1754341,48.1576466],[9.1752872,48.1570186],[9.1752209,48.1567559],[9.1751,48.1565094],[9.1748389,48.1562494],[9.174372,48.1558207],[9.1738674,48.1553829],[9.174009,48.1550377],[9.1742309,48.1537713],[9.1735989,48.1537749],[9.1731724,48.1537491],[9.1731729,48.153673],[9.1710991,48.1530305],[9.167974,48.1533947],[9.1668742,48.1534383],[9.1652778,48.153653],[9.1656446,48.1533822],[9.1661111,48.1524647],[9.1666961,48.1516229],[9.1670457,48.1509597],[9.1671542,48.150731],[9.1672432,48.1504382],[9.1672847,48.1500838],[9.1672587,48.1498096],[9.1672251,48.1494373],[9.1672067,48.1492728],[9.1670525,48.1487568],[9.166915,48.1482134],[9.1668245,48.1479782],[9.166693,48.1477593],[9.1662927,48.1472532],[9.1658453,48.1467976],[9.1650295,48.1460488],[9.1642829,48.1455885],[9.1636291,48.1452902],[9.1626407,48.1450495],[9.1607218,48.1446384],[9.1602634,48.1444996],[9.1597641,48.1444112],[9.1593845,48.1443523],[9.1591554,48.1443388],[9.1588579,48.1443209],[9.1586117,48.1442778],[9.1583552,48.1442165],[9.1581295,48.1441459],[9.1578867,48.1441074],[9.1576199,48.1440985],[9.1572337,48.144115],[9.1565072,48.1434583],[9.1558696,48.1428107],[9.1556188,48.1423316],[9.1557922,48.1418878],[9.1560241,48.1415227],[9.1561871,48.1412975],[9.1562927,48.1411047],[9.156388,48.1409166],[9.1565823,48.1407231],[9.1567869,48.1403559],[9.156903,48.1401814],[9.1570634,48.1400041],[9.1572635,48.1397648],[9.157424,48.1395899],[9.1574871,48.139322],[9.1574954,48.1390342],[9.1574684,48.1386918],[9.1572084,48.1382875],[9.1571125,48.1379068],[9.1575451,48.1376953],[9.1579507,48.1374931],[9.1584548,48.1372718],[9.1589075,48.1370395],[9.1590665,48.1369605],[9.1591971,48.1368361],[9.1593972,48.1365968],[9.15973,48.1361508],[9.1598051,48.1359744],[9.1597102,48.1358635],[9.1593237,48.1354121],[9.1585256,48.1346994],[9.1577631,48.1340686],[9.1576069,48.1339284],[9.1573699,48.1337896],[9.1569649,48.1346145],[9.15667,48.1350738],[9.1565778,48.1352482],[9.1565709,48.1354264],[9.1563013,48.1357851],[9.1559419,48.1360804],[9.1551375,48.1366629],[9.1547742,48.1369401],[9.1543704,48.1372336],[9.1538677,48.1375348],[9.1533957,48.1378312],[9.1532126,48.1377048],[9.1528086,48.1379938],[9.1522495,48.13838],[9.1518969,48.138664],[9.1511069,48.1393056],[9.150842,48.1395476],[9.1503923,48.1399512],[9.1499521,48.1403113],[9.1496197,48.1405972],[9.1493183,48.1408922],[9.1490843,48.1411523],[9.1482685,48.1413122],[9.1475716,48.1414528],[9.146889,48.1416208],[9.1462794,48.141683],[9.1458493,48.1411271],[9.1442455,48.1412959],[9.1439268,48.1414059],[9.1436756,48.1414698],[9.143337,48.1416073],[9.1430288,48.141731],[9.1425597,48.1418309],[9.1422302,48.1419044],[9.1417472,48.1419861],[9.1412988,48.1420927],[9.1408198,48.1422041],[9.1403588,48.1423701],[9.1398548,48.1426028],[9.1394448,48.1427524],[9.1388867,48.1430152],[9.1382047,48.1434069],[9.137665,48.1437426],[9.1372762,48.1439377],[9.1368956,48.1442058],[9.1363064,48.1446288],[9.1359661,48.1448645],[9.1357072,48.1450723],[9.1353549,48.1453904],[9.1350951,48.1455593],[9.1348959,48.1456684],[9.134632,48.1457893],[9.1342253,48.1457539],[9.1337715,48.1457531],[9.1332601,48.1457734],[9.1329468,48.1458102],[9.1321331,48.1459106],[9.1314007,48.1459762],[9.1307261,48.1460342],[9.1300851,48.1460555],[9.1294102,48.1460908],[9.1285504,48.146098],[9.1276935,48.1460777],[9.1271679,48.1460752],[9.1263309,48.1460113],[9.1259139,48.1459736],[9.1252298,48.1458856],[9.1249033,48.145823],[9.1245485,48.1457683],[9.1242074,48.1457046],[9.1238833,48.1456407],[9.1234841,48.1455588],[9.1230849,48.1454699],[9.1226277,48.1453559],[9.1222422,48.145267],[9.1218704,48.1451849],[9.1215224,48.1450893],[9.1211061,48.1449524],[9.1210448,48.1450415],[9.1209087,48.1452082],[9.1204285,48.1458842],[9.1195954,48.1470627],[9.1190621,48.1476273],[9.1184278,48.1482591],[9.1178209,48.1488952],[9.1177046,48.1490356],[9.1176368,48.1492074],[9.1174788,48.1496085],[9.1173062,48.1501262],[9.1171374,48.1506575],[9.1169963,48.1509123],[9.1168683,48.1511373],[9.1166465,48.1514431],[9.1162033,48.1520707],[9.116794,48.1526699],[9.1161803,48.1531576],[9.115205,48.1538156],[9.1145515,48.1548037],[9.1143884,48.1551386],[9.1141913,48.1553277],[9.1136939,48.1556819],[9.1130795,48.1561468],[9.1127491,48.156634],[9.1121429,48.1574527],[9.111996,48.1574576],[9.1118528,48.1574624],[9.1116765,48.1573682],[9.1108927,48.1568394],[9.110351,48.1564429],[9.110042,48.1562108],[9.109935,48.1561253],[9.1098826,48.1559556],[9.1098083,48.1557137],[9.1092478,48.1553122],[9.1086803,48.1549425],[9.1082278,48.154724],[9.1074721,48.1544132],[9.10759,48.1541782],[9.1071278,48.1539854],[9.1074636,48.1537468],[9.1071564,48.153538],[9.1063105,48.1536803],[9.1063125,48.1531933],[9.1055655,48.1532212],[9.1055602,48.1530226],[9.1058079,48.152779],[9.1055546,48.1528695],[9.1051126,48.1529782],[9.1045787,48.1530724],[9.1041607,48.1531564],[9.1036785,48.1531268],[9.1038674,48.1530268],[9.1040154,48.152925],[9.1041311,48.1527572],[9.1039904,48.1527289],[9.1037903,48.1527856],[9.1035926,48.1528012],[9.1029627,48.152732],[9.1020306,48.1525858],[9.1011888,48.1525049],[9.1006067,48.1524352],[9.1005287,48.1524308],[9.1003742,48.1525024],[9.1000119,48.1525674],[9.0996043,48.1526547],[9.0992612,48.1525761],[9.0984923,48.1524009],[9.0981663,48.1523264],[9.097831,48.1523],[9.0975675,48.1522729],[9.0973655,48.1522474],[9.0971284,48.1521835],[9.0968946,48.1521082],[9.0966638,48.1520191],[9.0964578,48.1519103],[9.0962902,48.1519252],[9.0961704,48.151925],[9.0960404,48.1519155],[9.0959378,48.1518878],[9.0958388,48.1518396],[9.0956955,48.1517524],[9.0956116,48.1516982],[9.0953011,48.1517058],[9.0950138,48.1516857],[9.0947323,48.1516154],[9.0944698,48.1514832],[9.0940299,48.151238],[9.0938242,48.1513446],[9.09363,48.1511854],[9.0928988,48.1507039],[9.092039,48.1501231],[9.0913996,48.1497901],[9.0909219,48.1496169],[9.0906566,48.1494971],[9.0905032,48.149467],[9.0903842,48.1493934],[9.0903406,48.149286],[9.0897722,48.1490738],[9.0894443,48.149084],[9.0887995,48.1489168],[9.0885515,48.1488178],[9.0883043,48.1487714],[9.0879617,48.1487553],[9.087449,48.1488273],[9.0868174,48.1489687],[9.08617,48.1490699],[9.0843051,48.1492029],[9.0828276,48.1495219],[9.0827459,48.1496551],[9.0824204,48.1496517],[9.0818731,48.1496247],[9.081541,48.1496373],[9.0809522,48.1496606],[9.0806575,48.1496984],[9.0804174,48.1497593],[9.0801259,48.1498338],[9.0799407,48.1498926],[9.0797797,48.1499058],[9.0795471,48.149905],[9.0793554,48.1499044],[9.0790538,48.1499582],[9.0788824,48.1499896],[9.0787794,48.1500419],[9.0787137,48.1501011],[9.0787109,48.1501881],[9.0784933,48.1502809],[9.0783047,48.150317],[9.0779521,48.1503454],[9.0776712,48.1503549],[9.0772884,48.1503067],[9.076424,48.1501414],[9.0762575,48.1504106],[9.0762421,48.1506186],[9.0732584,48.1501307],[9.073013,48.1503536],[9.0729852,48.150377],[9.0725286,48.1504321],[9.0718604,48.1504954],[9.0712777,48.1505474],[9.0682712,48.1508511],[9.0674368,48.1509841],[9.0660106,48.1512713],[9.0653812,48.1514258],[9.0645779,48.1515859],[9.0637293,48.1516869],[9.0634741,48.1522273],[9.0633031,48.15221],[9.0631532,48.1524621],[9.0627571,48.1529417],[9.0624378,48.1532928],[9.0619799,48.1537477],[9.0625545,48.1538219],[9.0625097,48.1540321],[9.0624582,48.1542494],[9.0623283,48.1544716],[9.0620989,48.1546716],[9.0617131,48.1549068],[9.061408,48.1550639],[9.0610303,48.1549086],[9.0605866,48.1546807],[9.060329,48.1545658],[9.0600861,48.1545239],[9.0597136,48.1545056],[9.0591204,48.1545639],[9.058586,48.1546791],[9.058029,48.154881],[9.0566439,48.1554281],[9.0557716,48.1557918],[9.0529983,48.1569338],[9.0499981,48.158212],[9.0489353,48.1586269],[9.0472949,48.159253],[9.0459943,48.1597583],[9.0452706,48.1600138],[9.0445943,48.1602392],[9.0441696,48.1603901],[9.0434422,48.160625],[9.0429474,48.1608009],[9.0394397,48.1618337],[9.0392048,48.1619667],[9.0388916,48.1621317],[9.0385615,48.1623014],[9.0382344,48.1624437],[9.0376756,48.1626503],[9.0368237,48.1629741],[9.0363193,48.1631465],[9.0357063,48.163408],[9.03608,48.1640324],[9.0357396,48.1643585],[9.0353927,48.1646219],[9.0348786,48.1649152],[9.0347743,48.1649933],[9.0339558,48.1642246],[9.0332953,48.1645914],[9.0327166,48.1649009],[9.0319641,48.1646946],[9.0308759,48.1643429],[9.0295824,48.1639049],[9.0288979,48.1636391],[9.0284774,48.16356],[9.0263816,48.1631647],[9.0256809,48.1630383],[9.0249284,48.1628457],[9.0242233,48.1625731],[9.0238571,48.1624299],[9.0234049,48.1621842],[9.0229482,48.161749],[9.0225599,48.1613251],[9.0221612,48.1608783],[9.0217112,48.1604157],[9.021461,48.1602312],[9.0212179,48.1601312],[9.0203522,48.1598429],[9.0193228,48.1595572],[9.01802,48.1592492],[9.0171066,48.1592196],[9.0159362,48.1593443],[9.0107518,48.1595931],[9.0094083,48.1585313],[9.007512,48.1570809],[9.0064089,48.1561598],[9.0054498,48.1553319],[9.0050128,48.1548903],[9.0047197,48.1545032],[9.0042742,48.1538219],[9.0037259,48.1531228],[9.0022967,48.1514927],[9.0013394,48.1504205],[9.0009937,48.1498349],[9.0006264,48.1491101],[9.0001666,48.1483491],[8.9999765,48.1479433],[8.9994237,48.1463899],[8.9987307,48.1452603],[8.9983735,48.1446492],[8.9981209,48.1439617],[8.9979776,48.1438246],[8.9975783,48.1434953],[8.9973574,48.1433375],[8.9967855,48.1429292],[8.9964768,48.1427196],[8.9963366,48.1426244],[8.995654,48.142161],[8.995036,48.141702],[8.9948243,48.1416943],[8.9943896,48.1407524],[8.9934795,48.1405966],[8.9929415,48.1404588],[8.9927322,48.140385],[8.9929044,48.1398315],[8.9931234,48.1392273],[8.9919439,48.1382152],[8.9908838,48.1372069],[8.9908892,48.1366773],[8.989554,48.1357468],[8.9885997,48.1349168],[8.987377,48.1333008],[8.9875998,48.1320285],[8.9875505,48.1318232],[8.9875001,48.1309877],[8.9874684,48.1308416],[8.9877785,48.1308133],[8.9875029,48.1299465],[8.9872538,48.1289883],[8.9861943,48.1277566],[8.9861249,48.1270304],[8.9860479,48.1269984],[8.9851476,48.1260022],[8.9848819,48.1258129],[8.9846663,48.1257694],[8.9845267,48.1253316],[8.984387,48.1248937],[8.9841912,48.124758],[8.9838421,48.1245162],[8.9831702,48.1245044],[8.9822935,48.1244613],[8.9812904,48.1243796],[8.9802561,48.1242341],[8.9795224,48.1241403],[8.9787979,48.1234947],[8.9766046,48.1228855],[8.976062,48.1235258],[8.975808,48.1236032],[8.975424,48.123538],[8.9756533,48.1231845],[8.9746328,48.1229056],[8.9739193,48.1226251],[8.9731433,48.1222437],[8.9731742,48.1217605],[8.9724013,48.1217031],[8.9716379,48.1215179],[8.9706199,48.1211296],[8.9684161,48.1203833],[8.9683242,48.1205284],[8.9669162,48.120353],[8.9653772,48.1200851],[8.9641286,48.1201051],[8.9634087,48.1198131],[8.9626086,48.1195956],[8.9618781,48.11947],[8.9606818,48.1194426],[8.9589364,48.119439],[8.9579601,48.1195219],[8.9569411,48.119665],[8.955963,48.1200545],[8.9555875,48.1200912],[8.9557081,48.120016],[8.9562446,48.119041],[8.9559375,48.1189497],[8.9556411,48.1188709],[8.9549223,48.1187527],[8.9546031,48.1186846],[8.9543375,48.1186077],[8.9539406,48.1184465],[8.9536992,48.1183767],[8.9533183,48.1182943],[8.953152,48.1182549],[8.9529964,48.1181815],[8.9528516,48.1180955],[8.9527711,48.1179988],[8.9525431,48.117621],[8.9521676,48.1170999],[8.9517264,48.1164374],[8.9515722,48.1165251],[8.9510787,48.1167042],[8.9505959,48.1157847],[8.9513777,48.1157444],[8.951607,48.1157247],[8.9515574,48.1155805],[8.9514676,48.1154579],[8.9508158,48.1148275],[8.9503142,48.114378],[8.9500735,48.1142187],[8.949189,48.1136646],[8.9514662,48.1121091],[8.9511744,48.1113761],[8.9510384,48.111228],[8.9510813,48.1111814],[8.9511877,48.1111902],[8.9514824,48.1106907],[8.9517425,48.1102485],[8.9518412,48.1101307],[8.9518444,48.1100317],[8.951882,48.1099556],[8.9519893,48.1099],[8.9530211,48.1083472],[8.9533397,48.1078608],[8.9537842,48.1073023],[8.9538945,48.1067879],[8.9539356,48.1064942],[8.9539627,48.1058826],[8.9541035,48.1054792],[8.9541013,48.1050409],[8.9541105,48.1048263],[8.9542388,48.1046284],[8.9542703,48.1042427],[8.954378,48.1037388],[8.9543266,48.1028185],[8.9547265,48.102421],[8.9550192,48.1018336],[8.9552311,48.1014763],[8.9555197,48.1009549],[8.9557722,48.1006003],[8.9563588,48.0995661],[8.9572597,48.0979283],[8.9576803,48.0972405],[8.9584704,48.0958373],[8.9588162,48.0951105],[8.9592279,48.0947239],[8.96048,48.0936211],[8.960957,48.093157],[8.9613861,48.0927293],[8.9619117,48.0921171],[8.9623835,48.0914112],[8.9625994,48.0912319],[8.9628362,48.0910546],[8.9631206,48.0909027],[8.9634492,48.0907556],[8.9636954,48.0906697],[8.9640274,48.0905499],[8.9642086,48.0904798],[8.9645714,48.0903236],[8.9650951,48.090095],[8.965482,48.0899206],[8.9659612,48.0897214],[8.9662726,48.0895901],[8.9666998,48.0894776],[8.9670285,48.0893259],[8.9671758,48.0892579],[8.9674469,48.0890466],[8.967679,48.0890132],[8.967816,48.0889543],[8.967919,48.0888793],[8.9682604,48.0888212],[8.9684381,48.0887762],[8.9685579,48.0887196],[8.9690447,48.0884314],[8.9698324,48.0880234],[8.9702708,48.0878058],[8.9710405,48.0875072],[8.9714201,48.0873876],[8.9717584,48.087309],[8.9720384,48.0872506],[8.9724105,48.0871995],[8.9728406,48.0871371],[8.9731855,48.0870905],[8.9738478,48.0869833],[8.974579,48.086801],[8.9765713,48.0863532],[8.9771854,48.0862182],[8.9777047,48.0857538],[8.9779926,48.0854963],[8.9784073,48.0856801],[8.9786744,48.0855553],[8.9793968,48.0856417],[8.9800038,48.0856121],[8.9800616,48.0852392],[8.9798726,48.0849874],[8.9801719,48.0846571],[8.9799245,48.0844463],[8.9800987,48.083974],[8.9802744,48.0832984],[8.9807295,48.0831078],[8.9812143,48.0830633],[8.9817944,48.082567],[8.9819112,48.08201],[8.9824262,48.0815797],[8.9827769,48.0812037],[8.9828123,48.0810417],[8.9830819,48.0810264],[8.9832859,48.0811138],[8.9835499,48.0809249],[8.9834925,48.0804017],[8.9837188,48.0798016],[8.9841169,48.0794715],[8.9847982,48.0795874],[8.9852034,48.0792277],[8.9857133,48.0785598],[8.9858563,48.0781194],[8.9870514,48.0779375],[8.9874942,48.0780208],[8.9878195,48.0778527],[8.9882381,48.0779748],[8.987714,48.0773545],[8.987578,48.0768425],[8.988109,48.076531],[8.9880328,48.076243],[8.9883277,48.0760268],[8.9887778,48.0755803],[8.9890562,48.0752955],[8.9890927,48.0749759],[8.9895561,48.0745797],[8.989367,48.0743188],[8.9900122,48.0738814],[8.990249,48.073618],[8.9913248,48.0734133],[8.9927387,48.0732713],[8.9935428,48.0727659],[8.9942426,48.0728777],[8.9946721,48.0728442],[8.9948517,48.0727247],[8.995035,48.0721576],[8.9949252,48.0720598],[8.9951291,48.0715268],[8.9961889,48.0710274],[8.9970939,48.0707685],[8.9968083,48.0699745],[8.9970146,48.0697773],[8.9966923,48.0695295],[8.9967831,48.0689284],[8.9968266,48.0683709],[8.9966001,48.0681775],[8.9967611,48.0678434],[8.9965555,48.0672435],[8.9961994,48.0670459],[8.9957169,48.0663738],[8.9957614,48.0659396],[8.9957488,48.0656244],[8.9953921,48.0657902],[8.9950915,48.0657021],[8.9946449,48.0657082],[8.9945954,48.0654869],[8.9942986,48.0654605],[8.9942392,48.0652573],[8.9940061,48.0650869],[8.9936044,48.0650612],[8.9932336,48.0646286],[8.9933098,48.0645391],[8.9929046,48.0643743],[8.9929104,48.0637156],[8.9919241,48.0621885],[8.9903985,48.061382],[8.9897642,48.0607478],[8.9895566,48.0605191],[8.9888078,48.0596798],[8.9888466,48.0587647],[8.9877819,48.057869],[8.9861448,48.0577412],[8.9846954,48.0574853],[8.9824931,48.0568211],[8.9804251,48.0564171],[8.9750868,48.0551551],[8.9746525,48.0552389],[8.9701692,48.0561044],[8.9680377,48.0562665],[8.9595684,48.0557115],[8.9588458,48.0556555],[8.9585118,48.0556265],[8.9575313,48.0554576],[8.9564359,48.0552814],[8.9560805,48.0552793],[8.9560749,48.0552793],[8.9551896,48.0554936],[8.9547007,48.0556449],[8.954013,48.0558722],[8.9534633,48.0562669],[8.9528871,48.0562801],[8.9515049,48.0564219],[8.9505845,48.0557714],[8.9500414,48.0555519],[8.9494288,48.0554554],[8.948638,48.0554425],[8.948121,48.0556454],[8.9476269,48.0559512],[8.947239,48.0562028],[8.9471507,48.0564855],[8.9469671,48.0567585],[8.9468213,48.0570089],[8.9466235,48.0573208],[8.9465487,48.0576241],[8.9465383,48.0579505],[8.946414,48.0584134],[8.9462533,48.0587756],[8.9460092,48.0592836],[8.9458048,48.0595771],[8.9455772,48.0598294],[8.9443365,48.0603535],[8.9429413,48.0602293],[8.9418895,48.0598097],[8.9407447,48.0606401],[8.9400189,48.0602293],[8.9392863,48.0598764],[8.9383763,48.0595364],[8.9373088,48.0590766],[8.9359677,48.0586313],[8.9351722,48.0582771],[8.9355793,48.0577511],[8.9374311,48.057743],[8.9384569,48.0571849],[8.9372908,48.0567621],[8.9363475,48.0558846],[8.9348617,48.0547297],[8.9354432,48.0546352],[8.9356935,48.0545139],[8.9363124,48.0542734],[8.9369992,48.053854],[8.9374737,48.0533687],[8.9375587,48.0529361],[8.9371226,48.0524642],[8.9368776,48.0521072],[8.9362936,48.0514033],[8.9356731,48.0505061],[8.9351813,48.049906],[8.9347667,48.0494612],[8.9340719,48.0493153],[8.934565,48.0483748],[8.9355955,48.0465767],[8.9362764,48.0466993],[8.9366484,48.0467078],[8.9368991,48.046639],[8.9375776,48.046668],[8.937845,48.0467494],[8.9390167,48.0467045],[8.9396787,48.0465257],[8.9403298,48.0463111],[8.941253,48.0457038],[8.9423113,48.0453253],[8.9427643,48.0450241],[8.9430756,48.0446463],[8.9435548,48.0444345],[8.9447663,48.043549],[8.9449869,48.0433395],[8.9451227,48.0431224],[8.9465357,48.0431264],[8.9486459,48.0434483],[8.9498091,48.0441826],[8.9520418,48.0440735],[8.9522541,48.043272],[8.952966,48.043151],[8.9541917,48.0425555],[8.9548778,48.04218],[8.9549704,48.0420268],[8.9548867,48.0418],[8.9552723,48.0416578],[8.9554318,48.0413614],[8.9553265,48.0411564],[8.955083,48.0413261],[8.9541401,48.0414532],[8.9538716,48.0413326],[8.9536996,48.0411971],[8.9536323,48.0409534],[8.9534236,48.0408063],[8.9535792,48.0404309],[8.9530804,48.0400867],[8.9524568,48.0394741],[8.9523353,48.0393191],[8.9520514,48.0392379],[8.95154,48.0380312],[8.9512357,48.0375546],[8.9508576,48.0371332],[8.9507601,48.0364519],[8.9506056,48.0359162],[8.9504863,48.0356659],[8.9506267,48.0353455],[8.9506948,48.0348464],[8.9506433,48.0345147],[8.9508246,48.0340873],[8.9507022,48.0337016],[8.9507573,48.033317],[8.9510017,48.0327632],[8.9505414,48.0325343],[8.9504808,48.032234],[8.9506618,48.0321352],[8.9507659,48.0318517],[8.950551,48.0314901],[8.9505043,48.0313143],[8.9506424,48.0310072],[8.9510519,48.0306052],[8.9514646,48.0304284],[8.9515046,48.0298706],[8.951888,48.0295348],[8.9520617,48.0295353],[8.9574606,48.028361],[8.9603604,48.028119],[8.95885,48.0292695],[8.9593267,48.0303856],[8.9590166,48.0302758],[8.9579706,48.0299],[8.9578974,48.0302283],[8.9583466,48.0312308],[8.9599299,48.0332507],[8.9598818,48.0345747],[8.9597456,48.0358439],[8.9611523,48.0365969],[8.9632453,48.037332],[8.9633555,48.0377362],[8.9632373,48.0381393],[8.9636849,48.0383088],[8.9640442,48.0386309],[8.9642762,48.038735],[8.9644394,48.0390568],[8.9648303,48.0393012],[8.966265,48.0397287],[8.9672714,48.0396243],[8.9685486,48.0396113],[8.9694172,48.0396717],[8.9698446,48.0399689],[8.9703312,48.0401087],[8.9704967,48.0403144],[8.9718142,48.0404465],[8.9725226,48.0395557],[8.9726015,48.0391827],[8.9728524,48.0387296],[8.9738094,48.0387199],[8.9735505,48.0379329],[8.9745025,48.0377207],[8.9749681,48.0370724],[8.9756554,48.0365846],[8.9745921,48.0361306],[8.9750943,48.0354825],[8.9756455,48.0351873],[8.976651,48.0350491],[8.976958,48.0345314],[8.9771081,48.0341121],[8.9770801,48.0338567],[8.9768555,48.0333418],[8.9772654,48.0332276],[8.9776724,48.0327849],[8.9782368,48.0326526],[8.9790058,48.0323839],[8.9797506,48.032636],[8.9804693,48.032728],[8.9807145,48.0327526],[8.9811267,48.032784],[8.9815556,48.0327879],[8.9818483,48.0327807],[8.9820764,48.0327667],[8.9822942,48.0327139],[8.9825357,48.032661],[8.9826615,48.0325786],[8.9827634,48.032526],[8.9828211,48.0324483],[8.9829059,48.0323591],[8.9830042,48.0322334],[8.9830856,48.0321397],[8.9831398,48.0320758],[8.9832249,48.0320323],[8.9833064,48.0319797],[8.9834152,48.0319361],[8.9835613,48.0318583],[8.983694,48.0318056],[8.9841394,48.0316611],[8.9845305,48.0315258],[8.9848775,48.0314272],[8.9852312,48.0313514],[8.9857075,48.031216],[8.9861463,48.0311012],[8.9865341,48.0310001],[8.9868091,48.0307897],[8.9870197,48.0306502],[8.9872746,48.0305151],[8.9874717,48.0304098],[8.9877062,48.0303159],[8.9879341,48.0302333],[8.9881315,48.0301737],[8.9883082,48.0301209],[8.9886655,48.0300473],[8.9889207,48.0300105],[8.9891997,48.0299804],[8.9894176,48.0299686],[8.9896254,48.0299888],[8.9898909,48.0300112],[8.9903576,48.0300607],[8.990814,48.0301262],[8.9911512,48.030169],[8.9913436,48.0301013],[8.9916609,48.0301029],[8.992015,48.030132],[8.9924611,48.0301564],[8.992639,48.0301882],[8.9928564,48.0299973],[8.9931329,48.029686],[8.9947583,48.0298445],[8.995677,48.0293634],[8.9963428,48.0290291],[8.9970935,48.0286475],[8.9974799,48.028796],[8.9979149,48.0288625],[8.9980482,48.0288448],[8.9989649,48.0282258],[8.9993655,48.0279646],[9.0009501,48.0273395],[9.0014293,48.0271078],[9.0016754,48.0272534],[9.0020517,48.0275197],[9.0021705,48.0275011],[9.0047515,48.0270976],[9.0052166,48.0269991],[9.0049811,48.0265181],[9.0048454,48.0261601],[9.0077699,48.0256075],[9.007752,48.0243711],[9.0085966,48.0231325],[9.0091503,48.0211312],[9.0096946,48.0200634],[9.0104266,48.0188726],[9.0107865,48.0172623],[9.0113103,48.0173776],[9.0119678,48.0174336],[9.0125958,48.0169807],[9.0125064,48.0169004],[9.0124415,48.016664],[9.013015,48.0160769],[9.0130915,48.0154743],[9.0131199,48.0150452],[9.0131858,48.0146001],[9.0131595,48.0142532],[9.0131102,48.0135888],[9.0129855,48.013123],[9.0128815,48.0125612],[9.0128897,48.0120408],[9.0128696,48.0119677],[9.0128411,48.0111687],[9.0133356,48.0095325],[9.0135971,48.0085124],[9.0139242,48.0071522],[9.0140873,48.0060406],[9.014143,48.0041779],[9.0141053,48.0033936],[9.013054,48.0029783],[9.0115305,48.0024926],[9.0100446,48.0019635],[9.0094129,48.0014355],[9.0086974,48.0009321],[9.0079847,48.0005346],[9.0076775,48.0002422],[9.00749,48.0001234],[9.0071318,47.9998995],[9.0068147,47.9997465],[9.0062803,47.9994759],[9.0067335,47.9981146],[9.0070063,47.9953995],[9.007414,47.9944627],[9.0098699,47.9959609],[9.0104395,47.9953819],[9.0106569,47.9951614],[9.0110615,47.9947514],[9.0116697,47.9942644],[9.012362,47.9937077],[9.012854,47.9934997],[9.0135112,47.9932217],[9.0140342,47.9930028],[9.0146687,47.9927371],[9.01516,47.9924353],[9.0154647,47.9922479],[9.0163774,47.9916863],[9.0165243,47.9915927],[9.0174092,47.9910287],[9.0179152,47.9904649],[9.0180458,47.9903193],[9.0185304,47.9897844],[9.0186278,47.9896761],[9.0190967,47.989155],[9.0196814,47.9885103],[9.0196588,47.9883563],[9.0196462,47.9882679],[9.0196397,47.9882269],[9.0196258,47.9881259],[9.0196239,47.98811],[9.019622,47.9880984],[9.0196079,47.9880057],[9.0195654,47.9877096],[9.0197185,47.9870481],[9.0198491,47.9865049],[9.0199976,47.9859239],[9.0204089,47.9853479],[9.0211274,47.9843245],[9.0213342,47.9836752],[9.0214154,47.9826116],[9.0214851,47.9826295],[9.0216111,47.9825949],[9.0216433,47.9824746],[9.0215097,47.9821359],[9.0215451,47.9819118],[9.0214997,47.9816111],[9.0215081,47.9813021],[9.0212199,47.980737],[9.0213217,47.9792414],[9.0200318,47.9786341],[9.0195567,47.9784767],[9.0192455,47.978335],[9.019127,47.9782485],[9.0190274,47.9781042],[9.0187568,47.9778972],[9.0187096,47.9779469],[9.0185153,47.9779378],[9.0184557,47.9779006],[9.0177756,47.9781371],[9.0169909,47.9782521],[9.0163287,47.9782583],[9.0158271,47.9784742],[9.0140918,47.9782293],[9.0141633,47.9779226],[9.0137,47.97695],[9.0133841,47.9764227],[9.013226,47.9760146],[9.0130723,47.9757689],[9.0128765,47.9755726],[9.012688,47.975434],[9.0121377,47.9747316],[9.0117735,47.9740273],[9.0118086,47.9738358],[9.0123659,47.9726972],[9.0124062,47.97255],[9.0123612,47.9723946],[9.0125067,47.9722797],[9.0127342,47.9719796],[9.0131278,47.9707771],[9.0135395,47.9700681],[9.013838,47.9694151],[9.0143831,47.9677715],[9.0144871,47.9670862],[9.0145797,47.9667713],[9.0145078,47.966295],[9.0148548,47.9659462],[9.0150676,47.9656896],[9.0153243,47.9652492],[9.0156185,47.965027],[9.0165329,47.9647293],[9.0193725,47.9639934],[9.019301,47.9639527],[9.0196198,47.9636334],[9.019536,47.9635885],[9.0195246,47.9627628],[9.0194884,47.962444],[9.0192202,47.9624565],[9.0190988,47.9623169],[9.0190747,47.9620468],[9.0199036,47.9619718],[9.0195541,47.9608679],[9.0190614,47.9605783],[9.0186682,47.9602916],[9.018612,47.9602209],[9.0186831,47.9601693],[9.0184968,47.9597636],[9.0183886,47.959786],[9.0183211,47.959534],[9.0180435,47.9590333],[9.018046,47.9591405],[9.0176876,47.958657],[9.0172741,47.958335],[9.017195,47.9581499],[9.0170845,47.9580363],[9.0169856,47.9579761],[9.0168552,47.9578295],[9.0168418,47.9577582],[9.016725,47.9576056],[9.016606,47.9575225],[9.0165548,47.9573443],[9.016405,47.9571753],[9.0161689,47.957076],[9.015447,47.9561105],[9.0146838,47.9552694],[9.0145392,47.9549735],[9.0142269,47.9548035],[9.0140933,47.9545503],[9.0141183,47.9542788],[9.0139918,47.9541593],[9.0141875,47.9536574],[9.0142685,47.9531341],[9.0150689,47.9516847],[9.014927,47.9514153],[9.014835,47.9506157],[9.0147685,47.9500357],[9.0179631,47.9489029],[9.017696,47.948662],[9.0205133,47.9474569],[9.0206619,47.9474268],[9.0199538,47.9467267],[9.0199921,47.9467049],[9.0179851,47.9450715],[9.016726,47.9433477],[9.0155206,47.9426004],[9.0150361,47.9424698],[9.0116455,47.9425292],[9.0118646,47.9417843],[9.0118779,47.9415775],[9.0118417,47.9414663],[9.0117053,47.9413488],[9.0117,47.9412932],[9.0116513,47.9402991],[9.0119311,47.939923],[9.0123592,47.9395375],[9.0123672,47.939234],[9.0126642,47.9387889],[9.012788,47.9377907],[9.0126387,47.9373299],[9.0124948,47.9368836],[9.0136689,47.9370063],[9.0152486,47.9371701],[9.017627,47.9371185],[9.0185988,47.9372355],[9.0187953,47.9375011],[9.0193602,47.9375134],[9.0196016,47.9372705],[9.0205124,47.9372312],[9.0210815,47.9375866],[9.0231649,47.9367929],[9.0248052,47.9355605],[9.0253444,47.9355411],[9.0260727,47.9357317],[9.0261818,47.9358833],[9.0273278,47.9357768],[9.0276629,47.9359118],[9.0286182,47.9358927],[9.0286663,47.9360464],[9.0291254,47.9362584],[9.0295416,47.9362834],[9.0304756,47.9362422],[9.0310805,47.9362985],[9.0325151,47.9365852],[9.0330092,47.9366441],[9.0345682,47.9366147],[9.0363442,47.9366562],[9.0375514,47.9365489],[9.0386958,47.9363716],[9.0430802,47.9363822],[9.0446922,47.9363428],[9.0470024,47.9360301],[9.0478001,47.9356796],[9.0483397,47.935443],[9.0507034,47.936442],[9.0515898,47.9369013],[9.0528051,47.937581],[9.0533436,47.9378175],[9.054995,47.9386766],[9.0572393,47.9393473],[9.0592452,47.9394713],[9.0600534,47.9402133],[9.0616263,47.9400048],[9.0628611,47.9400157],[9.0662402,47.9413298],[9.0692688,47.9417321],[9.0695765,47.9418904],[9.0695901,47.9419284],[9.0697208,47.9419703],[9.0697619,47.942015],[9.0700359,47.9420454],[9.0701334,47.9421827],[9.0703386,47.942204],[9.0704289,47.9421727],[9.0706095,47.9422528],[9.0706337,47.9423051],[9.0707338,47.9423497],[9.0708572,47.9423309],[9.0709416,47.942244],[9.0708117,47.9422305],[9.0707917,47.9422071],[9.0708673,47.9421616],[9.0710361,47.9421206],[9.071283,47.9423005],[9.0713934,47.9422358],[9.07152,47.942329],[9.0714814,47.9424428],[9.0715968,47.9424277],[9.0716167,47.9423876],[9.0720323,47.9424725],[9.0720972,47.9424266],[9.0722043,47.9424187],[9.0722979,47.9424669],[9.0722593,47.942521],[9.0723444,47.9425279],[9.0725103,47.9423964],[9.0726231,47.9424092],[9.0726166,47.9425177],[9.0726759,47.9425302],[9.0727232,47.9425764],[9.0729287,47.9425794],[9.0730155,47.9425461],[9.0731056,47.942474],[9.0732807,47.9425169],[9.0732219,47.9424401],[9.0732779,47.9424183],[9.0734459,47.9425092],[9.073421,47.9425706],[9.0734655,47.9426057],[9.0735571,47.9425304],[9.0736763,47.9426418],[9.0737825,47.9426216],[9.073837,47.9425767],[9.0738795,47.9425752],[9.0749684,47.9421801],[9.0766145,47.9419916],[9.0776299,47.9416234],[9.0783978,47.9414204],[9.081477,47.9401101],[9.081456,47.9401022],[9.0815261,47.9400534],[9.0813687,47.9397024],[9.081466,47.9392258],[9.0821644,47.9388108],[9.0800843,47.938193],[9.0797644,47.9380794],[9.0792312,47.9378323],[9.0789807,47.9376665],[9.0785719,47.9372979],[9.0767943,47.9351158],[9.0763223,47.9346858],[9.0760578,47.9344936],[9.0754948,47.9341931],[9.0751888,47.9340643],[9.0716079,47.9327722],[9.0710578,47.9324064],[9.0708294,47.9322166],[9.0694329,47.9308293],[9.0691839,47.9305183],[9.0690055,47.9302167],[9.0689223,47.9299796],[9.0688835,47.9295754],[9.0689465,47.9269853],[9.0688042,47.9268096],[9.0672774,47.9258138],[9.0672692,47.925807],[9.0672705,47.9257766],[9.0674143,47.9256768],[9.0674156,47.9256468],[9.0673454,47.9255512],[9.0670057,47.9252037],[9.0668227,47.9249988],[9.0667199,47.9248986],[9.0666953,47.9248877],[9.0667155,47.9248247],[9.0666108,47.9246465],[9.0665776,47.9246175],[9.0665627,47.9245762],[9.066578,47.92455],[9.066566,47.9244546],[9.0666034,47.9244134],[9.0666434,47.9243833],[9.0666064,47.9242947],[9.0666194,47.9241601],[9.0665804,47.9240551],[9.0666568,47.9239918],[9.0666912,47.9239749],[9.066651,47.9239103],[9.0667075,47.9238459],[9.0666851,47.9237689],[9.0666159,47.9237108],[9.0666813,47.9236712],[9.0667027,47.9236293],[9.0667414,47.9235782],[9.0668272,47.9235051],[9.0667358,47.9234322],[9.0667598,47.9234012],[9.0668055,47.9233577],[9.0668113,47.9232795],[9.0668499,47.9231977],[9.066832,47.923148],[9.0667679,47.9231145],[9.0666751,47.9229747],[9.0668842,47.9221706],[9.0669303,47.9221341],[9.0669454,47.922079],[9.0668735,47.9219942],[9.066772,47.9219754],[9.0668434,47.9218995],[9.0666943,47.9218629],[9.0666609,47.9218466],[9.0666659,47.9217706],[9.0664636,47.9217147],[9.0664297,47.9216273],[9.0664555,47.9215685],[9.0663605,47.9214141],[9.0663477,47.9213612],[9.0664,47.9212765],[9.0662142,47.9211679],[9.0661263,47.9209363],[9.0658865,47.9203033],[9.0654818,47.919752],[9.0651345,47.9182727],[9.0653543,47.9180772],[9.0653496,47.9177802],[9.06503,47.9175622],[9.0650932,47.9170269],[9.0647795,47.9167625],[9.064849,47.9166303],[9.064814,47.9164002],[9.06471,47.9161608],[9.0647546,47.9159902],[9.0648614,47.9159458],[9.0651697,47.9158562],[9.0655685,47.9158664],[9.0660605,47.9157876],[9.0666056,47.9156363],[9.0668759,47.9155223],[9.067039,47.9154902],[9.067308,47.9154829],[9.0683896,47.9158526],[9.0705948,47.9164471],[9.0715146,47.916727],[9.0733724,47.9170486],[9.0747652,47.916902],[9.0753507,47.9166452],[9.0758918,47.916458],[9.0763241,47.916387],[9.0763076,47.9170029],[9.0779514,47.9168879],[9.084695,47.9164258],[9.094369,47.9136761],[9.0946344,47.9136024],[9.0972886,47.9143342],[9.0982431,47.9132787],[9.098312,47.9128249],[9.0984554,47.9128682],[9.0984907,47.9127704],[9.0988129,47.9123796],[9.0990996,47.9118356],[9.0995036,47.9117669],[9.0998024,47.911408],[9.1001202,47.9112338],[9.1010649,47.9109017],[9.1011901,47.9109551],[9.1012307,47.9109019],[9.1016801,47.9105982],[9.101975,47.9105245],[9.1022854,47.9102938],[9.1026923,47.9096949],[9.1029725,47.9092121],[9.1027859,47.9085386],[9.1029459,47.9078458],[9.1031781,47.9073746],[9.1034198,47.9070801],[9.10357,47.9068985],[9.1039953,47.9062944],[9.1043531,47.9058206],[9.1044776,47.9055781],[9.1044842,47.9055324],[9.1068613,47.9062729],[9.107749,47.9065705],[9.1078631,47.906605],[9.107892,47.9066137],[9.1094881,47.9058632],[9.1111652,47.9068976],[9.1119201,47.9064722],[9.1121984,47.9062144],[9.1127439,47.9058705],[9.1133951,47.90562],[9.1140056,47.9053788],[9.1146573,47.9052334],[9.1156761,47.9051101],[9.1162263,47.905038],[9.1168574,47.9048698],[9.1172612,47.9047547],[9.1174422,47.904711],[9.1175412,47.9043903],[9.118051,47.9041212],[9.1185182,47.9040458],[9.1193366,47.9039368],[9.119543,47.9037697],[9.1197837,47.9036528],[9.1200036,47.90344],[9.1205499,47.9032836],[9.120793,47.9029497],[9.1213976,47.902928],[9.1216824,47.9021614],[9.1226107,47.9022062],[9.1230691,47.9021551],[9.1235951,47.9020603],[9.1239374,47.9019505],[9.1247142,47.9015288],[9.1254437,47.9012373],[9.1261496,47.9009595],[9.1265566,47.9007143],[9.1269562,47.9003711],[9.127552,47.8997648],[9.1279116,47.8993318],[9.1283982,47.8983385],[9.1301604,47.8985666],[9.1307653,47.8986479],[9.133141,47.8989117],[9.1352795,47.8980637],[9.1361085,47.897735],[9.1371985,47.8973027],[9.1379005,47.8973503],[9.1400027,47.8976239],[9.1402137,47.8976832],[9.1405632,47.8977813],[9.1410051,47.8978107],[9.1424518,47.8981652],[9.1451152,47.8981705],[9.1449139,47.8984624],[9.1453794,47.8983368],[9.1465488,47.8980459],[9.1464179,47.8979058],[9.146647,47.897763],[9.146709,47.8975675],[9.1466173,47.897233],[9.1482518,47.8969263],[9.1500084,47.8955152],[9.1512984,47.8951455],[9.1509731,47.8948893],[9.1504894,47.8946296],[9.1498844,47.8949445],[9.1496095,47.8949211],[9.1484389,47.8946017],[9.1479064,47.8945922],[9.1467488,47.8937898],[9.1465117,47.8928648],[9.1467528,47.8926534],[9.1466152,47.8920022],[9.1455901,47.8916723],[9.1460867,47.8908003],[9.1459559,47.8901145],[9.1461356,47.8896303],[9.1468007,47.8889102],[9.1481863,47.8883149],[9.1485256,47.888476],[9.1488114,47.8886483],[9.149202,47.8881503],[9.1495813,47.887581],[9.1496026,47.8869395],[9.1490385,47.8869022],[9.1485013,47.8867133],[9.1477217,47.8868985],[9.1476866,47.8872898],[9.1473907,47.8876754],[9.1471635,47.8878208],[9.1469889,47.8866691],[9.1470817,47.8860896],[9.1467851,47.8854618],[9.1471949,47.8850358],[9.1495233,47.8850924],[9.1491193,47.8847647],[9.1486835,47.8839696],[9.1487268,47.8839068],[9.1487539,47.8838676],[9.1486362,47.8838148],[9.1486667,47.883562],[9.1486017,47.8832359],[9.1486159,47.8830401],[9.1488097,47.8824426],[9.1488557,47.8818422],[9.1488094,47.8817348],[9.1484006,47.8814287],[9.1480242,47.8805164],[9.1479901,47.8803327],[9.1481683,47.8798956],[9.148502,47.8794738],[9.1488042,47.8791741],[9.1488974,47.8789108],[9.1488926,47.8786409],[9.1487365,47.8784673],[9.1484876,47.8783002],[9.1479032,47.8780543],[9.1473887,47.8778748],[9.1467972,47.8776958],[9.1465299,47.8774441],[9.1462425,47.8770853],[9.1462321,47.877075],[9.1460413,47.8768239],[9.1458554,47.8764235],[9.1457138,47.8761182],[9.1453607,47.8757611],[9.1452898,47.8754439],[9.1452804,47.8751699],[9.1453737,47.8749685],[9.1455109,47.8747441],[9.1456739,47.8743643],[9.1458742,47.873628],[9.1459465,47.8733605],[9.1457515,47.8728888],[9.1445917,47.872993],[9.1441845,47.8730324],[9.1439417,47.8730586],[9.1435143,47.8715],[9.1437754,47.8714579],[9.1437476,47.8713569],[9.1436342,47.8711515],[9.1432091,47.8711531],[9.1431332,47.8711533],[9.1429094,47.8711879],[9.1426478,47.8711289],[9.1423423,47.8711362],[9.1420232,47.8711024],[9.1415914,47.870918],[9.141292,47.870706],[9.1410436,47.8705077],[9.1408533,47.8704167],[9.14071,47.8701999],[9.1402377,47.8700613],[9.1400738,47.8699711],[9.1398774,47.8698631],[9.1396366,47.8699593],[9.1393752,47.8699117],[9.1391446,47.8699943],[9.1388086,47.8700175],[9.1385778,47.8700612],[9.1384762,47.8701025],[9.1379229,47.8700529],[9.1374442,47.8700422],[9.1371792,47.8699763],[9.1368564,47.869874],[9.1366012,47.8696734],[9.1365024,47.8695503],[9.13618,47.8695575],[9.1357991,47.8693137],[9.1356529,47.8692408],[9.1354594,47.8692593],[9.1352247,47.8690975],[9.1350616,47.8690269],[9.1350915,47.8688237],[9.1350947,47.8687437],[9.1350573,47.8687049],[9.1348908,47.8686732],[9.1348055,47.8685203],[9.1346559,47.8684749],[9.1344826,47.8683655],[9.1342417,47.8684298],[9.1339601,47.8684279],[9.1337697,47.8683459],[9.1335997,47.8682753],[9.1334028,47.868255],[9.133314,47.868077],[9.1331272,47.8679859],[9.1331537,47.8678124],[9.1331468,47.8677507],[9.1330107,47.8676413],[9.1329052,47.8675939],[9.132991,47.8675318],[9.1329096,47.8673727],[9.1328188,47.8672548],[9.1327139,47.8671027],[9.1326374,47.8670144],[9.1325783,47.8669511],[9.1324393,47.8667925],[9.1322728,47.8666273],[9.1321487,47.8665279],[9.132028,47.8664446],[9.1318933,47.8663317],[9.1317316,47.8662213],[9.1315598,47.8661293],[9.1314051,47.8660325],[9.1312402,47.8659382],[9.1310998,47.8658778],[9.1309522,47.8658015],[9.130795,47.8656583],[9.1306903,47.8654963],[9.1308541,47.8653684],[9.1306215,47.8652359],[9.1305627,47.865184],[9.1305345,47.8651363],[9.1306202,47.8650056],[9.1306608,47.8649955],[9.1309019,47.8650203],[9.1310681,47.8649996],[9.131302,47.8649239],[9.1315361,47.864862],[9.1317224,47.8647795],[9.1319292,47.8646834],[9.1321461,47.8645826],[9.1322783,47.8645345],[9.1324241,47.864459],[9.1326071,47.8643742],[9.1328037,47.8642918],[9.1329697,47.8642208],[9.1331665,47.8641611],[9.1333734,47.8641312],[9.1335563,47.8639849],[9.1337526,47.8638453],[9.133915,47.8636647],[9.1338941,47.863514],[9.1341482,47.8633447],[9.134131,47.8632579],[9.1343447,47.863228],[9.1345449,47.8632278],[9.13466,47.863118],[9.1347752,47.8630767],[9.134972,47.8630513],[9.1351243,47.862921],[9.135304,47.862818],[9.1354533,47.8628247],[9.1355716,47.8627081],[9.135755,47.8626964],[9.1357885,47.862605],[9.1361175,47.8625315],[9.1363383,47.8625678],[9.1364463,47.8623941],[9.136548,47.8623323],[9.1365172,47.8622502],[9.1365542,47.8621336],[9.1368014,47.8619666],[9.1369163,47.8617838],[9.1371944,47.8617583],[9.1373332,47.8616531],[9.1375643,47.861735],[9.1378053,47.8617415],[9.138501,47.8617267],[9.138596,47.8617258],[9.1386468,47.8615608],[9.1386999,47.8613411],[9.138722,47.8610942],[9.1386864,47.8610192],[9.1385969,47.8609607],[9.1384084,47.860871],[9.13824,47.8607745],[9.1382483,47.8606785],[9.1382804,47.8605936],[9.1383222,47.8604813],[9.1384378,47.8603318],[9.1386236,47.8601267],[9.1387893,47.8599357],[9.1390113,47.8596731],[9.1390004,47.8596367],[9.1389193,47.8594936],[9.1388771,47.8594278],[9.1387934,47.8593212],[9.1387175,47.859258],[9.1386655,47.8592106],[9.138539,47.8591638],[9.1384127,47.8591307],[9.1383104,47.8591112],[9.1381707,47.8590805],[9.1380145,47.8590728],[9.137811,47.8590816],[9.13756,47.8590931],[9.1373539,47.8591339],[9.1371546,47.8591837],[9.1370131,47.8592307],[9.1368584,47.8593007],[9.1367579,47.8593656],[9.1365907,47.8594791],[9.1364672,47.8595808],[9.1364013,47.8596704],[9.1363313,47.8597351],[9.1362441,47.8597884],[9.1361234,47.8598558],[9.1360053,47.8598935],[9.1359249,47.8599399],[9.1358479,47.8599886],[9.1357712,47.8600601],[9.135642,47.8602098],[9.13553,47.8603707],[9.1353245,47.8606079],[9.1351626,47.8608172],[9.1349589,47.8609814],[9.1348753,47.8610369],[9.1348259,47.8611105],[9.1347976,47.8612181],[9.1347456,47.8613305],[9.1346891,47.8613836],[9.1346116,47.8614186],[9.1345033,47.8614287],[9.1343511,47.8614576],[9.134145,47.8615052],[9.1337944,47.8616135],[9.1336803,47.8616786],[9.1335996,47.8617182],[9.1334554,47.8617995],[9.1332534,47.8618767],[9.1329744,47.862005],[9.132622,47.8621979],[9.1324378,47.8623137],[9.1322503,47.8624389],[9.1321136,47.8625612],[9.1320579,47.8626554],[9.1319962,47.8627884],[9.131928,47.8629398],[9.1318525,47.8630639],[9.1316723,47.8632094],[9.1314953,47.8633481],[9.1313909,47.8633879],[9.1313802,47.8632008],[9.1313838,47.8630431],[9.1313539,47.8629133],[9.1312807,47.8628248],[9.1312049,47.8627662],[9.1310681,47.8627172],[9.1308803,47.8626665],[9.1305634,47.8626032],[9.1302336,47.8625812],[9.1299815,47.8625333],[9.1299368,47.8623682],[9.1296574,47.8621055],[9.1296526,47.861957],[9.1297242,47.8616264],[9.1286632,47.8614357],[9.128071,47.8612873],[9.1273497,47.8611418],[9.1267096,47.8609364],[9.1260801,47.8607152],[9.1259265,47.8615558],[9.1259281,47.8617366],[9.1257253,47.8617634],[9.1254216,47.8617462],[9.1253123,47.861785],[9.1250628,47.8617382],[9.1249193,47.8617392],[9.1246185,47.8617836],[9.1244681,47.8617765],[9.1241903,47.8617343],[9.1240083,47.8617366],[9.1238115,47.8617583],[9.1238199,47.8616973],[9.1234617,47.8616211],[9.1229996,47.8616516],[9.1228502,47.8616551],[9.1226735,47.8616629],[9.1224494,47.8616704],[9.1222217,47.8616848],[9.122024,47.8617359],[9.1219213,47.8617968],[9.1218528,47.8618374],[9.1216646,47.8617081],[9.1214838,47.8615401],[9.1210305,47.861201],[9.1206918,47.860913],[9.1202975,47.8605669],[9.1211942,47.8602961],[9.1207951,47.8598929],[9.1208854,47.8598167],[9.1210297,47.8597282],[9.1178785,47.8590503],[9.1177638,47.858951],[9.1195095,47.8584312],[9.1190812,47.8577234],[9.1192772,47.8575272],[9.1196277,47.8573675],[9.1205721,47.8571397],[9.1218451,47.8569798],[9.1220721,47.8566905],[9.1223357,47.8565751],[9.1225797,47.8565087],[9.1227237,47.8562882],[9.1229931,47.856306],[9.1236042,47.8562657],[9.1243464,47.8558965],[9.1247874,47.8554245],[9.1247483,47.8553573],[9.1247793,47.8553526],[9.1247988,47.8552362],[9.1251037,47.8551474],[9.1254537,47.8549818],[9.1257404,47.8546848],[9.1259825,47.8546279],[9.1263924,47.8543434],[9.1271061,47.8541942],[9.1274304,47.8542429],[9.1277556,47.8542185],[9.1280841,47.8540915],[9.1273879,47.8518403],[9.1257076,47.8501088],[9.1268868,47.8494357],[9.1266455,47.8483322],[9.1289387,47.8467808],[9.1290869,47.8468451],[9.1294806,47.8468527],[9.1295439,47.8468764],[9.129802,47.8467725],[9.1300724,47.8469024],[9.1303476,47.8469357],[9.1304412,47.846914],[9.1305283,47.8469263],[9.1306756,47.8470361],[9.1307312,47.8470349],[9.1309397,47.846946],[9.1311033,47.8470031],[9.13156,47.8469318],[9.1319056,47.8469646],[9.1319918,47.8470148],[9.1322378,47.8470145],[9.1324382,47.8470601],[9.1326381,47.8471751],[9.1328852,47.8472228],[9.1332047,47.847185],[9.1333925,47.8471988],[9.1334963,47.8472541],[9.1335796,47.8473446],[9.1337347,47.8473932],[9.1342724,47.847508],[9.1344196,47.8475047],[9.1346327,47.8475785],[9.1347369,47.8475923],[9.1350709,47.8474547],[9.1355282,47.8474754],[9.1358872,47.8473639],[9.1359284,47.8472701],[9.1360013,47.8472181],[9.136105,47.8472225],[9.1362032,47.8471983],[9.1362819,47.8471423],[9.1363254,47.8470489],[9.1364303,47.846964],[9.1367467,47.8468987],[9.1369499,47.8469337],[9.1371663,47.8468379],[9.13734,47.8468386],[9.1375102,47.8468861],[9.1375934,47.8467922],[9.1376772,47.8467745],[9.1378194,47.8467779],[9.1378866,47.8468721],[9.1378467,47.8469336],[9.1380614,47.8469291],[9.1381397,47.8468019],[9.1381126,47.8467134],[9.1382004,47.846722],[9.1383801,47.8466396],[9.1385955,47.8467242],[9.1387431,47.8468309],[9.139108,47.8466866],[9.1393228,47.8465347],[9.1399826,47.8463888],[9.1402435,47.8459007],[9.1404773,47.8456607],[9.1412769,47.8450464],[9.1414132,47.8450015],[9.1447017,47.8446167],[9.1494194,47.8440303],[9.1498747,47.8440494],[9.150155,47.8441899],[9.1504844,47.844463],[9.1507696,47.8445117],[9.1511433,47.844804],[9.1513963,47.8449523],[9.15172,47.8450238],[9.1521865,47.845049],[9.1526015,47.8450331],[9.1533942,47.845084],[9.1539682,47.8444732],[9.154819,47.8448833],[9.1555715,47.8451865],[9.1576282,47.8446094],[9.1579394,47.8445404],[9.1584282,47.8445867],[9.1590462,47.8445914],[9.1598217,47.8445565],[9.1605793,47.8446131],[9.1617605,47.8446378],[9.162081,47.844688],[9.1629768,47.8447657],[9.1643207,47.8442555],[9.165257,47.8437662],[9.1667032,47.8429158],[9.1666608,47.8427784],[9.1665458,47.842674],[9.1661743,47.842513],[9.1658911,47.8423332],[9.165795,47.84224],[9.1657631,47.8421675],[9.1657473,47.8419169],[9.1658529,47.8419071],[9.1658734,47.8415789],[9.1659257,47.8415685],[9.1659394,47.841537],[9.1674557,47.8412574],[9.1678185,47.8414768],[9.1693743,47.8410082],[9.1698069,47.8409206],[9.1702297,47.8409919],[9.1703718,47.8410429],[9.1713944,47.8414036],[9.1732997,47.8413457],[9.1735176,47.8415033],[9.1746177,47.8430266],[9.1752306,47.8439552],[9.1758826,47.8450332],[9.1779093,47.8451818],[9.1794115,47.8459743],[9.1806352,47.8467991],[9.1820778,47.847066],[9.1836612,47.84751],[9.1842646,47.8477479],[9.186062,47.8464256],[9.1867174,47.845323],[9.1871742,47.8442186],[9.1873432,47.8439569],[9.1881972,47.8429173],[9.1886989,47.8423745],[9.1890418,47.841918],[9.1893872,47.8416572],[9.1897226,47.841443],[9.1903588,47.8409137],[9.1913664,47.8406409],[9.1920822,47.8405305],[9.1923692,47.8411591],[9.1925087,47.8416813],[9.1924874,47.8418505],[9.1948805,47.8417812],[9.1950563,47.8417518],[9.1952026,47.8419175],[9.1954725,47.8418785],[9.1957248,47.8419228],[9.1958021,47.8419716],[9.1958644,47.8419818],[9.1959748,47.8419499],[9.1960811,47.8419702],[9.196286,47.8419301],[9.1965037,47.8420046],[9.1965256,47.8420383],[9.1967654,47.8420459],[9.1968648,47.8421488],[9.1970117,47.8421432],[9.1970415,47.8422099],[9.1971184,47.8422533],[9.1972257,47.8422479],[9.1972171,47.8422774],[9.1973913,47.8423374],[9.1974184,47.8424197],[9.1975147,47.8424153],[9.1976504,47.8424689],[9.197885,47.8424103],[9.1979629,47.8425395],[9.1979004,47.8426676],[9.1979303,47.8427183],[9.1980688,47.8427942],[9.1981418,47.8428007],[9.1981759,47.8428345],[9.1983228,47.842775],[9.1984434,47.8428579],[9.1984,47.8429384],[9.1984217,47.8430935],[9.1985697,47.8430719],[9.1986769,47.8430961],[9.1987656,47.8430895],[9.1988365,47.843121],[9.1988713,47.8431976],[9.1990201,47.8432406],[9.1992411,47.8433627],[9.1992013,47.8434427],[9.1993853,47.8435133],[9.1994986,47.843521],[9.1995609,47.8436012],[9.1996486,47.8436565],[9.1996061,47.843685],[9.1996242,47.8437311],[9.1998488,47.8437528],[9.1998879,47.8438045],[9.1999709,47.8437944],[9.2000572,47.8438255],[9.2000811,47.8438648],[9.2001868,47.8438751],[9.2001701,47.8439218],[9.2003569,47.8439807],[9.2006432,47.8441427],[9.2007958,47.8441467],[9.2008681,47.844215],[9.2009897,47.8441684],[9.2011063,47.8441733],[9.2015239,47.844553],[9.2014299,47.8446422],[9.2016215,47.8447026],[9.2017141,47.844778],[9.2017796,47.8447304],[9.2018826,47.8447111],[9.2029465,47.8448059],[9.2036961,47.8447276],[9.2038189,47.84492],[9.204347,47.8450419],[9.2056679,47.8452266],[9.2060479,47.8454077],[9.2062033,47.8457469],[9.2062104,47.8460532],[9.2052928,47.8459897],[9.2051967,47.8463408],[9.2040476,47.8463839],[9.203597,47.8465769],[9.2035218,47.847467],[9.2039145,47.8474647],[9.2053206,47.8477773],[9.2063212,47.8479175],[9.2063034,47.8479712],[9.2063127,47.8481343],[9.20651,47.848697],[9.2064935,47.8487237],[9.2065408,47.8487497],[9.2065951,47.8488551],[9.2065405,47.8488955],[9.2066633,47.8489376],[9.2066033,47.8490468],[9.2067948,47.8491134],[9.2068015,47.8491689],[9.2068649,47.8492522],[9.2071208,47.8494382],[9.2075591,47.8496991],[9.2076501,47.8498687],[9.2077766,47.8499517],[9.2080483,47.850063],[9.2080729,47.8501423],[9.2079864,47.8501945],[9.2080877,47.8502565],[9.2082009,47.8502868],[9.2081817,47.8503287],[9.208423,47.8504618],[9.2085145,47.8505882],[9.2084877,47.8507332],[9.2085977,47.8508649],[9.2086668,47.8508376],[9.2087328,47.8508866],[9.2088106,47.8511004],[9.2088078,47.8511671],[9.2086643,47.8512795],[9.2087583,47.8513538],[9.2087702,47.8514404],[9.2089215,47.8515891],[9.2090457,47.8518181],[9.2091396,47.8518935],[9.2091611,47.8520851],[9.2091136,47.8522056],[9.2091029,47.8524481],[9.209147,47.8524349],[9.2092029,47.8525393],[9.209664,47.852924],[9.2096532,47.8530601],[9.2098135,47.8531894],[9.2101426,47.8533575],[9.2101481,47.8534303],[9.210211,47.8534546],[9.2102969,47.8534166],[9.2103795,47.8534136],[9.2104136,47.8534739],[9.2106601,47.8536082],[9.2107395,47.8535669],[9.2108642,47.8536582],[9.2110533,47.8536575],[9.2111161,47.853705],[9.2109936,47.8537585],[9.2110098,47.8538031],[9.2112141,47.8538667],[9.2112478,47.8539132],[9.2113264,47.8538683],[9.2114512,47.8539315],[9.2115243,47.8540644],[9.2117101,47.8542064],[9.2119437,47.8543369],[9.2119051,47.8544359],[9.2119415,47.8545769],[9.2119229,47.8546326],[9.2121548,47.8546688],[9.2120711,47.854792],[9.2120465,47.8548926],[9.2122511,47.8549976],[9.2124137,47.854913],[9.2126118,47.8549156],[9.2127676,47.8550245],[9.2128643,47.8550585],[9.212973,47.8550469],[9.2130276,47.8551415],[9.213113,47.8552131],[9.2131974,47.8552207],[9.2133898,47.8552894],[9.2136065,47.8552532],[9.2136514,47.8553101],[9.2138538,47.8553981],[9.2143192,47.8555009],[9.2148274,47.8557742],[9.214955,47.85578],[9.2150196,47.8558172],[9.2151058,47.8558165],[9.2151704,47.8558537],[9.2152525,47.8558606],[9.2154477,47.8559693],[9.2156417,47.8560056],[9.2157211,47.8559423],[9.2157945,47.8559643],[9.2160395,47.8561209],[9.2160553,47.8561701],[9.2161487,47.8561741],[9.2161758,47.8562426],[9.2164011,47.8562131],[9.2165421,47.8562657],[9.2166583,47.8562476],[9.2166807,47.8563204],[9.2167877,47.8563112],[9.2170335,47.8563568],[9.2170513,47.8564342],[9.2171014,47.8564804],[9.2172107,47.8564689],[9.2172377,47.8565374],[9.2174193,47.85674],[9.2176826,47.8567762],[9.2179063,47.8569316],[9.2179424,47.8569856],[9.2179411,47.8570679],[9.2180877,47.8571193],[9.2181656,47.857101],[9.2182317,47.8571728],[9.2182437,47.857245],[9.2183542,47.8572424],[9.2183742,47.8573085],[9.2184954,47.857298],[9.2185089,47.8574504],[9.2185901,47.8574375],[9.2187005,47.8574675],[9.2186541,47.857584],[9.218722,47.8576138],[9.2186942,47.8577162],[9.2185703,47.8577504],[9.2185798,47.8578029],[9.2186557,47.8578266],[9.2188681,47.85782],[9.2189948,47.8577175],[9.219069,47.8578223],[9.2192911,47.8578865],[9.2193147,47.8579692],[9.219422,47.8580616],[9.2194514,47.8581374],[9.2196593,47.8579958],[9.2197938,47.8580552],[9.219831,47.8581215],[9.2198332,47.8582301],[9.220193,47.8581268],[9.220222,47.8580914],[9.2202845,47.858127],[9.2202981,47.8581659],[9.2204846,47.8581471],[9.2206461,47.8581601],[9.2207552,47.8581035],[9.2207513,47.858159],[9.2208659,47.8582301],[9.2211342,47.8581918],[9.2212131,47.8582021],[9.2212771,47.8582462],[9.2213747,47.8582152],[9.2215282,47.8582464],[9.2215666,47.8583473],[9.2217725,47.8584482],[9.2218701,47.8584172],[9.2220248,47.8584178],[9.2220502,47.8583891],[9.2221398,47.8584411],[9.222063,47.8584818],[9.2221346,47.8585274],[9.2221249,47.8585958],[9.2222577,47.858626],[9.2223378,47.8586247],[9.2223363,47.8585761],[9.2224146,47.8585211],[9.222412,47.8584428],[9.2225819,47.8584861],[9.2225309,47.8585193],[9.2225328,47.8585733],[9.2225784,47.8586184],[9.2228179,47.8585851],[9.222899,47.8586136],[9.2230596,47.8586192],[9.2232217,47.8586708],[9.2233542,47.8586687],[9.2234288,47.858579],[9.2235122,47.8584247],[9.2238129,47.8582037],[9.2238862,47.8581851],[9.2244757,47.858199],[9.2245913,47.8581008],[9.2247178,47.8578574],[9.2247033,47.8576937],[9.2247639,47.8576082],[9.2250089,47.8575633],[9.2251,47.8574881],[9.2253243,47.8571394],[9.2254547,47.8570254],[9.2257447,47.856925],[9.2264237,47.856759],[9.2277059,47.8563935],[9.2278639,47.8562687],[9.2281881,47.856107],[9.2284352,47.8560262],[9.2284372,47.8559454],[9.2285376,47.8558882],[9.2289187,47.8558685],[9.2291801,47.8559722],[9.2294149,47.8559754],[9.2298041,47.8559016],[9.2300462,47.8557475],[9.2306557,47.855698],[9.230754,47.8557467],[9.2316368,47.8558676],[9.2320126,47.8556791],[9.232187,47.8555357],[9.2323306,47.8554905],[9.2325582,47.8554706],[9.2329708,47.8553129],[9.2331233,47.8552766],[9.2334718,47.8553454],[9.2337277,47.85526],[9.2338009,47.8551677],[9.2337075,47.8550392],[9.2338496,47.8549386],[9.2340875,47.8548665],[9.234251,47.8547778],[9.2342822,47.8547038],[9.2344395,47.8545827],[9.2346686,47.8545091],[9.2351921,47.8544769],[9.2352985,47.8541844],[9.2359104,47.8540187],[9.2366132,47.8540328],[9.2370375,47.8539732],[9.2376757,47.8539468],[9.2378262,47.8538588],[9.2380531,47.8535073],[9.2381386,47.8532391],[9.2381022,47.8531974],[9.2379091,47.8530958],[9.2378902,47.8530322],[9.2379234,47.8529825],[9.238535,47.8527458],[9.2386963,47.8527589],[9.2388618,47.8528246],[9.2390399,47.85281],[9.2394081,47.8530662],[9.2400489,47.8535851],[9.2403609,47.8534495],[9.2410097,47.8539986],[9.241231,47.8541858],[9.2413423,47.8544991],[9.2416797,47.8545625],[9.2419631,47.8546493],[9.2422368,47.8547543],[9.241655,47.8558321],[9.2422506,47.8560943],[9.2427988,47.856357],[9.2432931,47.8566474],[9.2432425,47.8570428],[9.2432209,47.8573511],[9.2432746,47.8575059],[9.2435894,47.8576312],[9.2438272,47.8577019],[9.2425306,47.8614685],[9.2427877,47.8614093],[9.2431127,47.8613472],[9.2433095,47.8613388],[9.2434117,47.8613516],[9.2435201,47.8613756],[9.243585,47.8613802],[9.243905,47.8612406],[9.2442543,47.8610368],[9.2444917,47.8608408],[9.2448562,47.8605387],[9.2450881,47.860278],[9.2453753,47.8599657],[9.2457708,47.8596279],[9.2460569,47.8598691],[9.246657,47.8602062],[9.2466054,47.860336],[9.2465708,47.8605151],[9.2464793,47.8606396],[9.2463747,47.8607803],[9.2462905,47.860923],[9.2461925,47.8610545],[9.2460867,47.8611564],[9.2459769,47.8612332],[9.2458192,47.8613083],[9.2457428,47.8613665],[9.2456935,47.8614219],[9.2456646,47.8614817],[9.2455752,47.8615583],[9.2454509,47.8616079],[9.2452555,47.8616676],[9.2451042,47.8617222],[9.2449328,47.8617884],[9.2447678,47.861843],[9.2446097,47.8618977],[9.2444859,47.8619633],[9.244454,47.8620322],[9.244449,47.8620963],[9.2444382,47.86219],[9.2444228,47.8622451],[9.2443832,47.8622844],[9.2442929,47.8623336],[9.2441889,47.8623806],[9.24413,47.862459],[9.2440606,47.8625239],[9.2439529,47.8625642],[9.2438043,47.8625936],[9.2437096,47.8626085],[9.2436086,47.8626441],[9.2435387,47.8626907],[9.2434727,47.8627601],[9.2433876,47.8628708],[9.2433371,47.8629661],[9.2432716,47.8630893],[9.24303,47.8633419],[9.2430103,47.8636952],[9.2429849,47.8643009],[9.243024,47.8645667],[9.2427807,47.8648694],[9.2430126,47.86513],[9.2433434,47.8652425],[9.2435701,47.8653593],[9.2436495,47.8654331],[9.2437547,47.8655298],[9.2438814,47.8656341],[9.2446891,47.8656808],[9.2453162,47.8657383],[9.245557,47.86571],[9.2458197,47.8657766],[9.2461805,47.8658486],[9.2466736,47.8659613],[9.2468918,47.8659629],[9.247106,47.8659349],[9.2473298,47.8658748],[9.2476963,47.8657505],[9.2479951,47.8656948],[9.2482226,47.8656713],[9.2484946,47.8656742],[9.2486646,47.8656467],[9.2488714,47.8656394],[9.2494892,47.8654883],[9.2497064,47.8660191],[9.2498619,47.8660865],[9.2501573,47.8662903],[9.2506885,47.8664081],[9.2507586,47.866495],[9.2508821,47.8665649],[9.2509855,47.8666463],[9.2510792,47.8667666],[9.2511374,47.8669921],[9.251152,47.8672546],[9.2510965,47.8675837],[9.2510507,47.8678855],[9.2509815,47.8683325],[9.2509597,47.8684195],[9.2510074,47.8684972],[9.2510586,47.8686114],[9.2510689,47.8687073],[9.2510623,47.868765],[9.2510455,47.8689084],[9.2509879,47.8691049],[9.250944,47.8692992],[9.2509375,47.8695003],[9.2509581,47.8696099],[9.2509378,47.8697333],[9.2509175,47.869843],[9.25085,47.8700875],[9.2507992,47.8703092],[9.2507043,47.8704189],[9.2500649,47.8702959],[9.2493474,47.8701568],[9.2487524,47.8700337],[9.2482218,47.8699495],[9.2472122,47.8697945],[9.2467451,47.8697049],[9.2463906,47.8696371],[9.2460805,47.8695758],[9.2453028,47.8694021],[9.2445186,47.8707074],[9.2437579,47.871087],[9.2418903,47.8719555],[9.2411449,47.8722897],[9.2410046,47.8724369],[9.2405351,47.872607],[9.2404133,47.8726376],[9.2402944,47.872643],[9.2402062,47.8726482],[9.2401075,47.8726444],[9.2400123,47.8726383],[9.2398765,47.8726461],[9.2396083,47.8726981],[9.239543,47.8727331],[9.2394777,47.8727657],[9.2393798,47.8728164],[9.2393093,47.8728694],[9.2392147,47.8728975],[9.2391031,47.8729326],[9.2389413,47.8730091],[9.2388236,47.8730876],[9.2387675,47.8731862],[9.2387419,47.8732754],[9.2387472,47.8733941],[9.2387701,47.8735401],[9.2388232,47.8736743],[9.2388771,47.8738406],[9.2388955,47.8739273],[9.2388876,47.8741195],[9.2389042,47.8742382],[9.2388936,47.874325],[9.2388801,47.8743614],[9.2388151,47.8743979],[9.2387971,47.8744408],[9.2388709,47.874599],[9.2388936,47.8746631],[9.238926,47.8747914],[9.2388809,47.8749163],[9.2388602,47.8750167],[9.2387648,47.8750554],[9.2386318,47.8751305],[9.2385125,47.8751988],[9.2384362,47.8752461],[9.238417,47.875258],[9.2383717,47.8752803],[9.2381481,47.8752986],[9.238012,47.8753394],[9.2378962,47.875362],[9.2377668,47.8754052],[9.2376544,47.8754529],[9.2375079,47.8755189],[9.2372386,47.8756348],[9.236966,47.8757873],[9.2370033,47.8758193],[9.2370337,47.8758468],[9.2370574,47.8758765],[9.2370743,47.8759085],[9.237057,47.8759633],[9.2370577,47.8760294],[9.2369543,47.8760984],[9.236995,47.8761778],[9.2370595,47.8761916],[9.2371105,47.8762008],[9.2371716,47.8762238],[9.2372123,47.8762558],[9.2372325,47.8762992],[9.2372834,47.8763267],[9.237324,47.8763588],[9.2373171,47.8763907],[9.237334,47.8764136],[9.2373816,47.8764342],[9.2374666,47.8764549],[9.2374869,47.8764778],[9.2374731,47.8765075],[9.2374218,47.8765987],[9.2374488,47.8766489],[9.2375097,47.8766833],[9.2375911,47.8767383],[9.2376486,47.876832],[9.237662,47.876889],[9.2376343,47.8770009],[9.2376137,47.8770329],[9.2376272,47.8770579],[9.237685,47.8770649],[9.2377464,47.8770605],[9.2378109,47.8770629],[9.2378311,47.8771154],[9.2378512,47.8771839],[9.2378611,47.8772662],[9.2378711,47.8773233],[9.2378948,47.8773576],[9.237949,47.8773873],[9.2380339,47.8774172],[9.2381357,47.8774607],[9.2382342,47.8775111],[9.2382951,47.8775797],[9.238441,47.8776667],[9.2385735,47.8777081],[9.2386722,47.8777106],[9.2387335,47.8776924],[9.2388151,47.8776766],[9.238907,47.8776699],[9.2390088,47.8776906],[9.2391414,47.8777365],[9.2392433,47.8777504],[9.2393623,47.8777712],[9.2394541,47.8777759],[9.2395528,47.8777715],[9.2396243,47.8777602],[9.2396922,47.8777649],[9.2397432,47.877781],[9.239777,47.8778061],[9.2398824,47.8778246],[9.2399742,47.8778294],[9.2400524,47.8778455],[9.2400999,47.8778775],[9.2401677,47.8779141],[9.2402831,47.8779692],[9.2403408,47.8780218],[9.2403678,47.8780675],[9.2403948,47.8781018],[9.2404322,47.878127],[9.2404865,47.8781363],[9.2405376,47.8781317],[9.2405752,47.8781022],[9.2406434,47.8780338],[9.2407796,47.8779929],[9.2408782,47.8780022],[9.2409836,47.8780138],[9.2410959,47.8780163],[9.2412285,47.8780006],[9.2413782,47.8780122],[9.2414801,47.8780261],[9.2416125,47.8780675],[9.2416941,47.8780995],[9.2417348,47.8781111],[9.2418096,47.8781249],[9.2418708,47.8781205],[9.241922,47.8780955],[9.2419936,47.8780681],[9.2420718,47.87805],[9.2421772,47.8780616],[9.2424356,47.8780872],[9.2426022,47.8780966],[9.2427654,47.8781175],[9.2428912,47.8781154],[9.2429697,47.8780767],[9.2430446,47.8780358],[9.2431297,47.8780176],[9.2432214,47.8780315],[9.2433266,47.8781116],[9.2434624,47.8781849],[9.2436218,47.8782606],[9.2437305,47.8782904],[9.2440909,47.8783367],[9.2442065,47.8783552],[9.2443528,47.87836],[9.2444344,47.8783693],[9.2444716,47.8784013],[9.2444987,47.878431],[9.2445189,47.8784653],[9.2445563,47.8784882],[9.2446175,47.8784815],[9.2447605,47.8784566],[9.2449205,47.8784227],[9.2451008,47.8784116],[9.2452743,47.8784118],[9.2454883,47.878442],[9.2458212,47.8785521],[9.2460964,47.8786325],[9.2462357,47.8786784],[9.2463918,47.8787517],[9.2465516,47.8787863],[9.2467182,47.8788139],[9.2469119,47.8788416],[9.247041,47.8788625],[9.2471633,47.8788946],[9.2472686,47.8789428],[9.2473738,47.8789886],[9.247469,47.8790184],[9.2475608,47.8790346],[9.2476628,47.8790256],[9.2477615,47.8790098],[9.2478569,47.8789666],[9.247959,47.8789371],[9.2480781,47.878935],[9.2481767,47.8789511],[9.2482616,47.8789833],[9.2483124,47.8790313],[9.2483699,47.8791228],[9.2484237,47.879253],[9.2484475,47.8792919],[9.2484848,47.8793216],[9.2485458,47.8793445],[9.2487294,47.8793905],[9.2487804,47.8793838],[9.2488008,47.8793541],[9.2488214,47.8793268],[9.2488758,47.8793268],[9.248937,47.8793384],[9.249015,47.8793818],[9.2492257,47.8794439],[9.2493484,47.8794049],[9.2494129,47.8794141],[9.2494708,47.8794393],[9.2495081,47.8794484],[9.2495624,47.8794301],[9.2495659,47.8793912],[9.2496066,47.8793524],[9.2496439,47.8793249],[9.2496949,47.8793158],[9.2497696,47.8793158],[9.249773,47.8792906],[9.2497593,47.879254],[9.2497628,47.879222],[9.2498035,47.8792082],[9.2499055,47.8792105],[9.2499904,47.8792105],[9.2500923,47.8792518],[9.250184,47.8793066],[9.2503302,47.8793776],[9.2504594,47.8794691],[9.2504866,47.879508],[9.2505172,47.8795628],[9.2505614,47.8796018],[9.250643,47.8795995],[9.2506892,47.8795965],[9.250747,47.8795988],[9.2508081,47.8796056],[9.250849,47.8796421],[9.2508934,47.8796648],[9.2509411,47.8796807],[9.2509955,47.8796761],[9.2510498,47.8796943],[9.2511112,47.8797308],[9.251159,47.8797605],[9.2512643,47.8797488],[9.2513356,47.8797351],[9.2514034,47.8797029],[9.2514747,47.8796914],[9.2515427,47.879689],[9.2515564,47.879721],[9.2515396,47.8797553],[9.2515737,47.8797941],[9.2516894,47.8798259],[9.251788,47.8798235],[9.2518323,47.8798532],[9.2518426,47.8798783],[9.2518394,47.8799126],[9.25186,47.8799582],[9.2519247,47.8799924],[9.2520269,47.8800242],[9.2521152,47.8800241],[9.2522071,47.8800537],[9.2522752,47.8800947],[9.252374,47.8801129],[9.252452,47.880106],[9.2525404,47.8801172],[9.2525982,47.8801011],[9.2526526,47.880117],[9.2527027,47.8801452],[9.2527173,47.8801535],[9.2527414,47.880206],[9.2527211,47.8802404],[9.2526804,47.8802587],[9.2526602,47.8802884],[9.2526739,47.8803227],[9.2527149,47.8803592],[9.2527796,47.880382],[9.2528442,47.8803887],[9.252902,47.8804],[9.2529566,47.8804365],[9.2529974,47.8804593],[9.2530825,47.8804592],[9.2531502,47.8804271],[9.2532146,47.8803927],[9.2532658,47.8804087],[9.2532862,47.8804361],[9.2532796,47.8804635],[9.253283,47.880484],[9.2533172,47.8805091],[9.2533681,47.8804976],[9.2534326,47.8804769],[9.2534835,47.8804426],[9.2535205,47.88039],[9.2535953,47.8803716],[9.2536699,47.8803441],[9.2537038,47.8803098],[9.2537718,47.8803188],[9.2539012,47.8803643],[9.2539557,47.8804008],[9.254,47.8804373],[9.2540613,47.8804417],[9.2541188,47.8803891],[9.2542036,47.8803479],[9.2542749,47.8803295],[9.2543598,47.8803225],[9.2544619,47.8803429],[9.2546117,47.8804181],[9.2546832,47.8804271],[9.2547955,47.8804498],[9.2548568,47.8804657],[9.2548909,47.8805],[9.2549149,47.8805479],[9.2549422,47.8805844],[9.2550034,47.8806026],[9.2550748,47.8806025],[9.2551258,47.8805864],[9.2551459,47.8805384],[9.2551389,47.8804836],[9.2551251,47.880447],[9.2551556,47.8804196],[9.2552271,47.8804332],[9.255353,47.8804673],[9.2554483,47.8805037],[9.2554792,47.8805585],[9.2555201,47.8805927],[9.2556086,47.8806155],[9.2556801,47.8806427],[9.2557448,47.8806998],[9.2558302,47.8807568],[9.2558949,47.8807818],[9.2559493,47.8807863],[9.2561769,47.8807654],[9.2562721,47.8807676],[9.256313,47.8807926],[9.2563505,47.8808475],[9.2563815,47.8809205],[9.2564057,47.881021],[9.2564976,47.8810369],[9.2566201,47.8810778],[9.2567395,47.8811553],[9.256944,47.8813059],[9.2571623,47.8814655],[9.2573737,47.8815932],[9.257544,47.881666],[9.257721,47.8817275],[9.2579387,47.8817911],[9.2583029,47.8818614],[9.2586363,47.88195],[9.2587697,47.8819972],[9.2589393,47.882057],[9.2591195,47.8820842],[9.2593271,47.8821158],[9.2595855,47.8821452],[9.2597896,47.882154],[9.2600512,47.8821421],[9.2602924,47.8821007],[9.260707,47.8820932],[9.2609042,47.8821043],[9.2611797,47.8821381],[9.2614483,47.8821651],[9.2616557,47.8821808],[9.2618121,47.8821692],[9.2620974,47.8821436],[9.2625868,47.8820926],[9.2629333,47.8820532],[9.2632006,47.8820205],[9.2632933,47.8820092],[9.2635753,47.8819882],[9.2638609,47.8819831],[9.2641513,47.8819865],[9.2642111,47.8819872],[9.2646597,47.8820002],[9.2650609,47.8820225],[9.2653498,47.8820128],[9.2655571,47.8820034],[9.2657203,47.8819894],[9.2658698,47.8819914],[9.2660295,47.8819958],[9.2661247,47.8819979],[9.2661824,47.8819864],[9.2662299,47.8819589],[9.2662876,47.881929],[9.266376,47.8819243],[9.2664576,47.8819448],[9.2665495,47.8819744],[9.2666414,47.882004],[9.2667469,47.8820129],[9.2668285,47.8820151],[9.2668895,47.8820013],[9.2669407,47.8820218],[9.2669578,47.8820492],[9.2670294,47.8820764],[9.2671007,47.8820946],[9.2672333,47.8820967],[9.2673726,47.8820827],[9.2675289,47.8820574],[9.2677123,47.8820205],[9.2678786,47.8819723],[9.2679804,47.8819287],[9.2680582,47.8818531],[9.2681393,47.8817593],[9.2682273,47.8816861],[9.2682744,47.8815763],[9.2682673,47.8815146],[9.2682908,47.8814574],[9.2683893,47.8814298],[9.2684944,47.8813818],[9.2685823,47.8812879],[9.2686466,47.881201],[9.2687312,47.8811186],[9.2689007,47.881036],[9.2689594,47.8810205],[9.2690569,47.8809946],[9.2692164,47.8809464],[9.2693349,47.8808571],[9.2694299,47.8808089],[9.269508,47.880786],[9.2696096,47.8807149],[9.2697348,47.880605],[9.2699142,47.8804448],[9.2700458,47.8802458],[9.2701334,47.8800697],[9.2701766,47.8798731],[9.2702233,47.8796993],[9.2702763,47.8795043],[9.270355,47.8793495],[9.2704911,47.8791559],[9.2707849,47.8787241],[9.2707398,47.8782223],[9.2707386,47.8779571],[9.2707549,47.8778314],[9.2707953,47.8777376],[9.2708425,47.8776577],[9.2709744,47.877534],[9.2710794,47.8774332],[9.2711469,47.8773623],[9.27115,47.8772846],[9.2711258,47.8772024],[9.2710472,47.8770974],[9.2708833,47.8769605],[9.2706278,47.8768147],[9.2704402,47.8766802],[9.2704011,47.87664],[9.2703445,47.8765821],[9.2702864,47.8764976],[9.2702417,47.8763994],[9.2702412,47.8762898],[9.2702543,47.8761846],[9.2702673,47.8760543],[9.2703039,47.8759057],[9.2703509,47.8757663],[9.2703606,47.8756634],[9.2704308,47.8753474],[9.2702834,47.8746556],[9.270192,47.8745051],[9.2701883,47.8744365],[9.2702466,47.8742693],[9.2703096,47.8741775],[9.2703658,47.8740789],[9.2704696,47.8739913],[9.2705933,47.8738694],[9.2706624,47.8737455],[9.2707211,47.8735966],[9.2707625,47.8734296],[9.2708078,47.8732945],[9.2707819,47.8731691],[9.2707319,47.8730279],[9.2706853,47.8728844],[9.2706829,47.8727428],[9.2706859,47.8726608],[9.2706875,47.8726149],[9.2707125,47.8724869],[9.2707754,47.8723883],[9.2708077,47.8722898],[9.27083,47.8722075],[9.2707908,47.8720958],[9.2707263,47.8718909],[9.2706648,47.8716743],[9.2706144,47.8715012],[9.2705945,47.871337],[9.270575,47.8711841],[9.2706235,47.8710513],[9.270708,47.8707427],[9.2707111,47.8705943],[9.2706974,47.8705074],[9.2706835,47.8704137],[9.2706799,47.8703087],[9.2708261,47.8702971],[9.2708294,47.8702355],[9.2708565,47.8701623],[9.2708734,47.8700915],[9.2708835,47.870048],[9.2709378,47.870032],[9.2710263,47.8700365],[9.2711351,47.8700296],[9.2712437,47.8699975],[9.2713252,47.8699426],[9.2713625,47.8698924],[9.2713829,47.8698512],[9.271444,47.8698077],[9.2714642,47.8697597],[9.2715084,47.86973],[9.271556,47.8697208],[9.2715899,47.8696751],[9.2715932,47.8696317],[9.2716305,47.8695837],[9.2717018,47.8695516],[9.2717392,47.8695127],[9.2717799,47.8694693],[9.2718478,47.8694556],[9.2719463,47.8694006],[9.2719802,47.869339],[9.2720276,47.8692795],[9.2720956,47.8692475],[9.2721874,47.8692429],[9.2722689,47.8692267],[9.2722833,47.86915],[9.272296,47.8690973],[9.2722851,47.8690518],[9.2723011,47.8689969],[9.2723235,47.8689145],[9.2723292,47.8688551],[9.2723081,47.8688073],[9.272304,47.8687662],[9.2723101,47.8687251],[9.2723366,47.8686837],[9.272336,47.8686518],[9.2723458,47.8686312],[9.2724066,47.8686056],[9.2724675,47.8685914],[9.2725042,47.8685569],[9.2725103,47.8685088],[9.2725266,47.8684722],[9.272567,47.8684491],[9.2726004,47.8684191],[9.2726065,47.8683757],[9.2726093,47.8683391],[9.2726427,47.8683024],[9.2726966,47.868279],[9.2727368,47.8682445],[9.2727629,47.8681781],[9.2727928,47.8681413],[9.272823,47.8681251],[9.2728571,47.8681339],[9.2729155,47.8681655],[9.2729796,47.8681422],[9.2730368,47.8681052],[9.2730697,47.8680432],[9.2730861,47.8680112],[9.2731569,47.867981],[9.2732207,47.867937],[9.2732947,47.8678885],[9.2734127,47.8678397],[9.2736343,47.8676873],[9.2738765,47.8675415],[9.2739704,47.86747],[9.274038,47.8674489],[9.2741295,47.8674345],[9.2742345,47.8674177],[9.2742882,47.8673807],[9.2743145,47.8673235],[9.2743443,47.8672821],[9.2744186,47.8672564],[9.274507,47.8672626],[9.2747105,47.8672427],[9.274736,47.867142],[9.2748248,47.8670682],[9.2748934,47.8669495],[9.2749454,47.8668519],[9.2749813,47.8668023],[9.2750394,47.8667615],[9.2750929,47.8666771],[9.2752519,47.866533],[9.2752161,47.866308],[9.2753541,47.8662684],[9.2754381,47.8662522],[9.2754963,47.8662463],[9.2757656,47.8662232],[9.2760628,47.8662047],[9.2760701,47.8661466],[9.276086,47.8660474],[9.2761073,47.8658823],[9.2761528,47.8657587],[9.2761773,47.8655986],[9.2761918,47.8654546],[9.2762321,47.8652234],[9.2762574,47.8651185],[9.2763232,47.8649924],[9.2763896,47.8648982],[9.276446,47.8648201],[9.2764988,47.8647353],[9.2765314,47.8646574],[9.2765435,47.8645682],[9.2765361,47.8645294],[9.2765181,47.8644679],[9.2765304,47.8643948],[9.2765258,47.8643218],[9.2765217,47.8642783],[9.2764906,47.8642512],[9.2764597,47.8642332],[9.2764523,47.8641968],[9.2764616,47.8641395],[9.2765519,47.8638672],[9.2772525,47.8639906],[9.2775281,47.8640772],[9.2776948,47.8641639],[9.2778344,47.8642758],[9.2778923,47.8643328],[9.2787038,47.8639118],[9.2789458,47.8642361],[9.2790819,47.8643023],[9.2794118,47.8643797],[9.2799899,47.8644889],[9.2804931,47.8645617],[9.2808467,47.8646071],[9.2812411,47.8646502],[9.2817749,47.8647229],[9.2818189,47.8646109],[9.2828017,47.8647861],[9.2827747,47.8649026],[9.2838866,47.8651165],[9.2839441,47.8649793],[9.2851649,47.8651977],[9.2856565,47.8645576],[9.2857823,47.8645871],[9.2858939,47.864354],[9.2859445,47.8641483],[9.2859814,47.863874],[9.285988,47.8638261],[9.2859195,47.8638121],[9.2857019,47.8637101],[9.2852143,47.8633656],[9.2842909,47.8628598],[9.2841171,47.8627572],[9.2839908,47.8626705],[9.2839191,47.8625746],[9.2838436,47.8624033],[9.2838055,47.8622593],[9.2837949,47.8621451],[9.2838044,47.8619873],[9.2838106,47.8618502],[9.2838407,47.8617313],[9.283891,47.861562],[9.2839616,47.8613836],[9.2840423,47.86118],[9.2841468,47.8609786],[9.2842347,47.8608482],[9.2843565,47.8607132],[9.2845325,47.8605437],[9.2847697,47.8603764],[9.28499,47.8602412],[9.2852139,47.8601219],[9.2854209,47.8600256],[9.285672,47.8599223],[9.2859774,47.8598098],[9.2863033,47.8596766],[9.2866322,47.8595115],[9.2868731,47.8593899],[9.2871853,47.8592568],[9.28745,47.8591672],[9.2877082,47.8591073],[9.2879968,47.8590588],[9.2883332,47.8590171],[9.2885778,47.8589779],[9.2888055,47.8589615],[9.2889755,47.8589749],[9.2893699,47.8589948],[9.2900523,47.8590061],[9.2910771,47.8596255],[9.2918446,47.8600436],[9.2928126,47.8612051],[9.2929194,47.8612244],[9.2960279,47.8611459],[9.2966593,47.860864],[9.2972497,47.8606307],[9.2976006,47.8605649],[9.2981729,47.8605593],[9.2993816,47.8605228],[9.3008733,47.8593414],[9.3021568,47.8585296],[9.3033701,47.858417],[9.304574,47.85804],[9.3053634,47.8578521],[9.3059328,47.8578125],[9.305857,47.8581506],[9.3056987,47.8583802],[9.3055202,47.858554],[9.3051096,47.8589488],[9.3047687,47.8597426],[9.3059149,47.8602133],[9.3076741,47.8606639],[9.3076958,47.8607708],[9.3091376,47.8610937],[9.3115162,47.8619959],[9.3127178,47.8630239],[9.3132582,47.8634882],[9.3138432,47.8639705],[9.3154669,47.8652881],[9.3159871,47.8657525],[9.3161012,47.8658751],[9.3161781,47.8660137],[9.3161959,47.8660661],[9.3163904,47.8661265],[9.316758,47.8655421],[9.3172381,47.8654134],[9.3175737,47.8649502],[9.3193762,47.8657623],[9.3195709,47.8660486],[9.3198299,47.8663207],[9.3200706,47.866504],[9.3203356,47.8667236],[9.3205556,47.8668887],[9.3207746,47.8669968],[9.3210927,47.8671408],[9.3213085,47.8672536],[9.321607,47.8674455],[9.3226782,47.8669113],[9.3228204,47.8668807],[9.3229628,47.866866],[9.3231186,47.8668467],[9.3232606,47.8668093],[9.3233651,47.8667607],[9.3234588,47.8666779],[9.3235551,47.8665357],[9.3247982,47.8646699],[9.3255804,47.8636481],[9.327231,47.8649709],[9.3276469,47.8652854],[9.3276629,47.8652574],[9.3279187,47.864875],[9.3280924,47.8647028],[9.3282905,47.8645599],[9.3285127,47.8644105],[9.328623,47.8643364],[9.3284083,47.8642899],[9.32863,47.8641354],[9.3288282,47.8640132],[9.3290845,47.8638974],[9.3293543,47.863786],[9.3295873,47.8637023],[9.3299589,47.8635903],[9.3304698,47.8634819],[9.3307986,47.8634193],[9.3311684,47.8633689],[9.3314609,47.8633805],[9.3317294,47.8633878],[9.3320526,47.863404],[9.332287,47.863427],[9.3327587,47.8634171],[9.3332075,47.8634598],[9.3337981,47.8635863],[9.3340825,47.8636253],[9.3348683,47.86328],[9.3361339,47.8629796],[9.3364679,47.8628222],[9.3368533,47.8626872],[9.3370531,47.8627315],[9.3374148,47.8626286],[9.3370692,47.8622292],[9.3382222,47.8621416],[9.338531,47.8625893],[9.3390748,47.8619512],[9.3394546,47.8612501],[9.3406498,47.8605986],[9.341702,47.8599205],[9.3419212,47.8595689],[9.3421975,47.8591811],[9.342357,47.8586267],[9.3404261,47.8579294],[9.3396056,47.8575468],[9.3403777,47.8569757],[9.3403172,47.8567935],[9.3407548,47.8563272],[9.3413055,47.8559309],[9.3426685,47.8551641],[9.3439058,47.8540968],[9.344232,47.8540162],[9.3444036,47.8539009],[9.3447085,47.8536066],[9.3451315,47.8532658],[9.3455339,47.8529161],[9.3458701,47.8526695],[9.3461537,47.852316],[9.346427,47.8519625],[9.3467224,47.8517207],[9.347198,47.8514916],[9.3476358,47.8512329],[9.3478172,47.8510924],[9.3481773,47.8507407],[9.3484184,47.8506381],[9.3490603,47.8505766],[9.349247,47.8505219],[9.3494541,47.8505631],[9.3511422,47.8496684],[9.3520626,47.8492576],[9.3521035,47.8491046],[9.3538592,47.8483903],[9.3549686,47.8481339],[9.3552553,47.8479384],[9.3560856,47.8474298],[9.3579821,47.8458859],[9.3592656,47.8452289],[9.3593106,47.8449614],[9.3598417,47.8447603],[9.3607633,47.8442489],[9.3611077,47.8440462],[9.361658,47.8433857],[9.3620735,47.8431645],[9.3628398,47.8427429],[9.3630994,47.8425658],[9.3634562,47.8422466],[9.363799,47.8418909],[9.3643935,47.8412394],[9.3648222,47.8406274],[9.3649637,47.8405125],[9.3653451,47.8402937],[9.3657078,47.8398945],[9.3660602,47.8394702],[9.3662342,47.8392136],[9.3663462,47.8388635],[9.3665581,47.8386615],[9.3670545,47.8383965],[9.3672906,47.8382537],[9.3674999,47.8381316],[9.3679773,47.8376611],[9.3683921,47.8373919],[9.3686012,47.8372584],[9.3692461,47.8369058],[9.3699235,47.8364183],[9.3703946,47.8360072],[9.3709061,47.8355548],[9.371421,47.8351092],[9.3718718,47.834705],[9.3723111,47.8345156],[9.3732957,47.8342162],[9.3742369,47.8340039],[9.376283,47.8336543],[9.3763866,47.8334381],[9.3764586,47.833239],[9.3764542,47.8331615],[9.3778664,47.8324273],[9.378194,47.8320464],[9.3787479,47.8318469],[9.380496,47.8310855],[9.3811719,47.8303739],[9.3813127,47.8300912],[9.3813999,47.829916],[9.3814148,47.8297092],[9.3813523,47.8295999],[9.3811171,47.829293],[9.3810298,47.8291084],[9.3810249,47.8290057],[9.3810738,47.8288616],[9.3810985,47.828681],[9.3811001,47.8285598],[9.3810062,47.8283937],[9.3810076,47.8282498],[9.3810904,47.8281054],[9.380075,47.8278236],[9.379781,47.82767],[9.3796664,47.827488],[9.3796243,47.8268973],[9.3795121,47.826142],[9.3795011,47.8260143],[9.3799157,47.8250315],[9.3806466,47.8246493],[9.3808687,47.8243158],[9.3820134,47.8238683],[9.3826016,47.8237621],[9.3835651,47.8238194],[9.383557,47.824048],[9.3835759,47.8241671],[9.3839475,47.8252051],[9.3849167,47.8244967],[9.3854653,47.8243115],[9.3861341,47.8240858],[9.3862885,47.824267],[9.3866284,47.8244909],[9.3872009,47.8251155],[9.3875058,47.8251709],[9.3883526,47.8250462],[9.3887251,47.8250069],[9.3891717,47.8250206],[9.3895496,47.8249204],[9.3905213,47.8248828],[9.391407,47.8246895],[9.3924302,47.8247354],[9.3928989,47.8246958],[9.393634,47.8244101],[9.3937969,47.8242177],[9.3940589,47.8239154],[9.3944976,47.8236329],[9.3948857,47.8233825],[9.3951964,47.823217],[9.3953279,47.8231114],[9.3955052,47.8228163],[9.3956213,47.8225077],[9.3955126,47.8224899],[9.3952125,47.8223107],[9.3947786,47.8219539],[9.3946396,47.8215732],[9.3945459,47.820932],[9.3963941,47.8199332],[9.3964304,47.8199136],[9.3965478,47.8197556],[9.3983376,47.8195646],[9.3984799,47.8195495],[9.3987385,47.8196375],[9.3994399,47.8195412],[9.4000875,47.8194908],[9.4002806,47.8194626],[9.4006587,47.8192374],[9.401268,47.8190798],[9.4015993,47.8189416],[9.4020782,47.8186224],[9.4029909,47.8181481],[9.4034221,47.8179127],[9.40421,47.8174884],[9.4042328,47.8174767],[9.404195,47.8174338],[9.4042421,47.8174149],[9.4042511,47.8173488],[9.4046448,47.817339],[9.4048873,47.8174449],[9.4051049,47.8175391],[9.4048146,47.8177492],[9.404844,47.8178192],[9.4042569,47.8180442],[9.4041753,47.8181028],[9.4035245,47.8187378],[9.4031547,47.8191296],[9.4028931,47.819473],[9.4027579,47.8195352],[9.4011583,47.8203499],[9.4010842,47.8204441],[9.4009151,47.8206846],[9.4008243,47.8209217],[9.4008493,47.8211705],[9.4010145,47.8215398],[9.4012302,47.8217851],[9.4015149,47.822246],[9.403197,47.8222075],[9.4034626,47.822141],[9.4044001,47.8218806],[9.4048502,47.8217137],[9.4051846,47.8215936],[9.4058426,47.8215696],[9.4061787,47.8215946],[9.4064091,47.8207811],[9.4067324,47.8201154],[9.4069002,47.8199002],[9.4089345,47.8205314],[9.4099026,47.820676],[9.4106468,47.8211958],[9.410156,47.8216118],[9.4099342,47.8218653],[9.4101002,47.8220433],[9.4106542,47.8226373],[9.4106702,47.8227411],[9.4108098,47.8236403],[9.4107123,47.8238355],[9.4108477,47.8242963],[9.410898,47.8244878],[9.4109629,47.8245239],[9.4110883,47.8245026],[9.4112284,47.8245793],[9.4111318,47.8247009],[9.4112079,47.8248032],[9.4112757,47.8247982],[9.4113253,47.824702],[9.4113944,47.8247952],[9.4113787,47.8248797],[9.4113622,47.8249164],[9.4114137,47.8249595],[9.4115273,47.8250706],[9.4115422,47.8251618],[9.4114574,47.8251623],[9.4112565,47.8251202],[9.4112026,47.8251456],[9.4110587,47.8252926],[9.4111036,47.8253448],[9.411222,47.8253213],[9.4112532,47.8253622],[9.4111759,47.8254175],[9.4111763,47.8254494],[9.4111811,47.8255475],[9.4111106,47.8256051],[9.4110496,47.8256145],[9.4109629,47.8257061],[9.4108351,47.825737],[9.4108339,47.8257969],[9.4109202,47.8258311],[9.4109311,47.8258788],[9.4108634,47.8258882],[9.4108155,47.825936],[9.4108145,47.8260101],[9.4107653,47.8260675],[9.4108064,47.8260959],[9.4109057,47.8261547],[9.4109769,47.8262291],[9.4109162,47.8262476],[9.4108585,47.8262549],[9.4107907,47.8262553],[9.4107744,47.8263079],[9.4108059,47.826374],[9.4108877,47.8264008],[9.4110098,47.8263864],[9.4110742,47.8263837],[9.4110747,47.8264202],[9.4110447,47.8264569],[9.4107755,47.8266183],[9.4107628,47.8266869],[9.4107637,47.8267394],[9.4108,47.8269127],[9.4108812,47.8271291],[9.410955,47.8273066],[9.4109157,47.8274119],[9.4109471,47.8274733],[9.4110708,47.8275776],[9.4111475,47.8277232],[9.4111319,47.8278192],[9.4113834,47.8280778],[9.4115511,47.8281704],[9.411583,47.8282729],[9.4114932,47.8283991],[9.4114739,47.8284768],[9.4115595,47.8285288],[9.4116075,47.8285695],[9.4115067,47.8286341],[9.4113523,47.8287538],[9.4112334,47.8289919],[9.4111833,47.8290493],[9.4111333,47.8291112],[9.4111382,47.8292162],[9.4111363,47.8293257],[9.410813,47.8295081],[9.4106503,47.8295228],[9.4105424,47.8295714],[9.4104321,47.829693],[9.4103058,47.8298833],[9.4099665,47.8301342],[9.4097845,47.8302175],[9.4092902,47.8303119],[9.4091721,47.8303537],[9.4090446,47.8304708],[9.408876,47.8305449],[9.4086836,47.8306238],[9.4085893,47.8306677],[9.4085771,47.8307751],[9.4085897,47.8309439],[9.4084725,47.8310543],[9.4084612,47.8312209],[9.4083404,47.8313107],[9.4083771,47.8315091],[9.4083682,47.8316027],[9.4082847,47.8316968],[9.4082282,47.8317909],[9.4081698,47.8318419],[9.4078374,47.8317832],[9.405024,47.8316979],[9.4044722,47.8327405],[9.4044343,47.8331838],[9.402681,47.8373173],[9.4022302,47.8377258],[9.402911,47.8384282],[9.403057,47.8386672],[9.4031141,47.8388678],[9.4031126,47.8389935],[9.4027183,47.8427395],[9.4025239,47.843154],[9.4031926,47.843609],[9.40271,47.8440483],[9.4032795,47.8447025],[9.4027736,47.844934],[9.4029597,47.8460635],[9.40221,47.8470594],[9.4014978,47.8485461],[9.4014952,47.8485521],[9.4010014,47.8496729],[9.3990651,47.8491479],[9.3974748,47.8510247],[9.3963433,47.8523162],[9.3962694,47.8524303],[9.3957758,47.8529044],[9.3963335,47.8530668],[9.3969606,47.853418],[9.3975789,47.8535933],[9.3983027,47.8538733],[9.3986545,47.8540751],[9.398253,47.8546985],[9.3994793,47.8554892],[9.4009881,47.856037],[9.4007892,47.8568787],[9.4017185,47.8574937],[9.4017864,47.8581298],[9.40152,47.8588545],[9.4012415,47.8589855],[9.4015716,47.8607647],[9.4011195,47.861618],[9.4007164,47.8615549],[9.4000804,47.8613765],[9.3995151,47.8611454],[9.3987362,47.8608945],[9.3979294,47.8608033],[9.3975061,47.8608254],[9.3973112,47.8611657],[9.3972667,47.8614152],[9.3973001,47.8616547],[9.3972094,47.8618202],[9.397158,47.8619327],[9.3971874,47.8622795],[9.397212,47.8624436],[9.3971474,47.8625723],[9.3971519,47.8627459],[9.3971594,47.8629057],[9.397126,47.8630568],[9.3970859,47.8632126],[9.396815,47.8631084],[9.3964239,47.8626973],[9.3961109,47.862548],[9.3956628,47.8625533],[9.3947638,47.8625936],[9.3945194,47.8625663],[9.3936365,47.8624675],[9.3929809,47.8625657],[9.3925688,47.8623965],[9.3922834,47.8629204],[9.390609,47.8618878],[9.3902361,47.8613892],[9.389617,47.8608318],[9.3874997,47.8636621],[9.3870876,47.8635537],[9.3877188,47.8626695],[9.3871665,47.8624344],[9.3867161,47.8622427],[9.3854908,47.8637864],[9.3843545,47.8642509],[9.3840767,47.8645486],[9.3833487,47.8642457],[9.3821466,47.8656102],[9.3816059,47.8669047],[9.3811464,47.8679287],[9.3808617,47.8684802],[9.3805883,47.8689425],[9.3801829,47.869557],[9.3800335,47.8697065],[9.3797069,47.8702216],[9.3788166,47.8711604],[9.3786583,47.8713316],[9.3790666,47.8717544],[9.3794124,47.8722556],[9.3795431,47.8724772],[9.3784936,47.8737958],[9.3788807,47.8737848],[9.3792192,47.8737332],[9.3797124,47.8736229],[9.3795504,47.8738413],[9.3791673,47.8743579],[9.3785734,47.8751153],[9.3781036,47.8749381],[9.3775074,47.8759149],[9.3773535,47.8763537],[9.3772668,47.876676],[9.3774934,47.8774081],[9.3776571,47.8778438],[9.3774378,47.8783778],[9.3771857,47.8786862],[9.3767788,47.8788219],[9.3759667,47.8794564],[9.376823,47.8801237],[9.3769022,47.8803291],[9.3772607,47.8806481],[9.3774999,47.8815544],[9.3778507,47.8820816],[9.3786705,47.8822818],[9.3790502,47.8825469],[9.379405,47.8828219],[9.3796224,47.883098],[9.3798439,47.8834705],[9.3800526,47.883724],[9.3802706,47.8839782],[9.3806197,47.8842679],[9.3811139,47.8843004],[9.3813115,47.8843193],[9.3815445,47.8844026],[9.3817422,47.8845581],[9.3820203,47.8847272],[9.3822826,47.884716],[9.3829289,47.88509],[9.3831654,47.8851886],[9.3833504,47.8852447],[9.3835052,47.8852637],[9.383693,47.8852387],[9.3839207,47.8852319],[9.3839243,47.8851788],[9.3838007,47.8849415],[9.3836887,47.8843975],[9.3847637,47.8847601],[9.3849068,47.8848084],[9.3850603,47.8848591],[9.3864615,47.8852911],[9.3862675,47.8860424],[9.3862789,47.8863825],[9.3861307,47.8868163],[9.3859988,47.8875161],[9.3847376,47.8891223],[9.3863173,47.8899359],[9.3871195,47.8903548],[9.3872446,47.8904406],[9.3873105,47.8905176],[9.3883602,47.8921622],[9.3886368,47.892473],[9.3890753,47.8929567],[9.389244,47.8931444],[9.3895308,47.8933967],[9.3900745,47.8939833],[9.3906657,47.8944118],[9.3921961,47.8955185],[9.3926937,47.8958797],[9.3932638,47.8962893],[9.395451,47.8978717],[9.3976758,47.8991949],[9.3990654,47.9002849],[9.3992363,47.900419],[9.400671,47.9016162],[9.4008013,47.9017066],[9.4013,47.9020532],[9.4014882,47.9021938],[9.4015602,47.9022641],[9.4015983,47.9023346],[9.4017382,47.9036822],[9.4017534,47.9038281],[9.4019965,47.9055613],[9.4020464,47.9059867],[9.4000637,47.9077411],[9.3990883,47.9086014],[9.4004429,47.9102864],[9.4001406,47.9104332],[9.3999328,47.9105317],[9.3995205,47.9107539],[9.3990266,47.9110448],[9.3985735,47.9113563],[9.3981918,47.9116151],[9.3979909,47.911764],[9.3978308,47.9118786],[9.3973166,47.9144879],[9.3951219,47.9167919],[9.3942629,47.9162743],[9.3923773,47.9173837],[9.393976,47.9179896],[9.3992103,47.9200739],[9.4001522,47.9191715],[9.4024773,47.9170915],[9.4028276,47.9168157],[9.4029471,47.9167797],[9.4034577,47.9164074],[9.4039696,47.9161501],[9.4050635,47.9166151],[9.4056935,47.9163746],[9.4064155,47.9165138],[9.4068204,47.9163698],[9.4070609,47.9163782],[9.4078072,47.9172313],[9.408188,47.9172072],[9.4084472,47.9176691],[9.4086426,47.9179915],[9.4090733,47.918157],[9.4094567,47.9182882],[9.4091939,47.9184605],[9.4094666,47.9188046],[9.4096024,47.9187173],[9.4109153,47.9194793],[9.4117373,47.9202212],[9.4110611,47.9208244],[9.4115211,47.9212412],[9.4120473,47.9217848],[9.4112491,47.9224056],[9.411598,47.9232341],[9.4108674,47.9242838],[9.4062465,47.9303331],[9.4039895,47.9302208],[9.4029676,47.9301419],[9.4022373,47.9300833],[9.4019509,47.9300971],[9.4018342,47.9304145],[9.4018176,47.9306673],[9.4018223,47.9309806],[9.4018618,47.9312655],[9.4019047,47.9313946],[9.4019794,47.931563],[9.4020899,47.9316958],[9.4022426,47.9318745],[9.4024173,47.9320145],[9.4024902,47.9321135],[9.402525,47.9322329],[9.4024951,47.9323848],[9.4025329,47.9324151],[9.4028068,47.9325572],[9.4030741,47.9327174],[9.4034327,47.9328428],[9.4037221,47.9328888],[9.4041061,47.9329021],[9.4044385,47.9328632],[9.4045346,47.9329312],[9.4047223,47.9334528],[9.404766,47.9343499],[9.4042977,47.934376],[9.4045509,47.9347634],[9.4048201,47.9353809],[9.4048185,47.9354416],[9.4053669,47.9353112],[9.4049941,47.937004],[9.4056872,47.936952],[9.4053477,47.9381979],[9.4051362,47.9390488],[9.4052508,47.9389837],[9.4055568,47.9388452],[9.4057157,47.9387594],[9.4061826,47.9385043],[9.4062076,47.9385298],[9.4062236,47.9385543],[9.4060725,47.9386344],[9.4061111,47.9386359],[9.4061383,47.9386555],[9.4061734,47.9389131],[9.4062278,47.9407382],[9.4061916,47.9407758],[9.4060957,47.9407411],[9.4060011,47.9414697],[9.4083682,47.9413312],[9.4086573,47.941352],[9.4091132,47.9413968],[9.4101617,47.9417663],[9.4101925,47.9415422],[9.4115496,47.9416424],[9.4119587,47.9417264],[9.4124078,47.9420041],[9.4129165,47.9421672],[9.4140171,47.9423379],[9.4144349,47.9423567],[9.4146984,47.9422982],[9.4146058,47.9421989],[9.4145147,47.9420425],[9.4145049,47.9416495],[9.4145249,47.9411586],[9.4146469,47.9405389],[9.4167067,47.9405709],[9.4166901,47.9382729],[9.4213933,47.9382525],[9.4216996,47.9382448],[9.4225056,47.9381131],[9.4223752,47.9385409],[9.4223974,47.9387261],[9.4224738,47.9390514],[9.4228671,47.93973],[9.4235082,47.9394043],[9.42369,47.9393517],[9.4239521,47.9393389],[9.4267708,47.9392201],[9.4269758,47.9391814],[9.4269958,47.9394558],[9.4273484,47.9397524],[9.4278943,47.9395558],[9.4284778,47.9393503],[9.4291607,47.9391165],[9.4296579,47.9388325],[9.4300702,47.9384172],[9.4304758,47.9382507],[9.4307333,47.9386655],[9.4316456,47.9388053],[9.4317971,47.9388505],[9.4300253,47.9395006],[9.4301249,47.9396479],[9.4295454,47.9399132],[9.4290609,47.9399682],[9.4283979,47.9400011],[9.4282167,47.9399787],[9.4282092,47.9401159],[9.4274238,47.9401142],[9.4267757,47.9400584],[9.4265557,47.9400237],[9.4263521,47.9400076],[9.4253411,47.9405572],[9.4243543,47.9410911],[9.4237888,47.9413857],[9.4242257,47.9415806],[9.4246485,47.9417913],[9.4250011,47.9422159],[9.4252889,47.9426464],[9.4245338,47.9429045],[9.4239294,47.9431256],[9.4232806,47.9433529],[9.4231128,47.9433989],[9.4231455,47.9434613],[9.4241484,47.9453757],[9.4235667,47.945508],[9.4227572,47.9456398],[9.4220688,47.9456908],[9.4220217,47.94593],[9.4234245,47.9459928],[9.4231735,47.9466064],[9.4237111,47.9471063],[9.4243468,47.9478838],[9.4246772,47.9483766],[9.4249296,47.9487337],[9.4250797,47.9489647],[9.4251649,47.9492982],[9.4251445,47.949625],[9.4251209,47.9498991],[9.4250189,47.9501709],[9.4249292,47.9502916],[9.4248262,47.9504299],[9.4248488,47.9505253],[9.4251754,47.9506002],[9.4258147,47.9507294],[9.4266548,47.9509154],[9.4274509,47.9511792],[9.4281785,47.9512763],[9.4285036,47.9508785],[9.4291327,47.9510169],[9.4300305,47.95118],[9.4303956,47.9505675],[9.4311098,47.9506921],[9.4313798,47.9501071],[9.4315193,47.9501389],[9.4312187,47.9507101],[9.4310187,47.9511987],[9.4310081,47.951231],[9.4307699,47.9520815],[9.4303424,47.9530198],[9.4302124,47.9532487],[9.4297205,47.9536463],[9.4290832,47.954129],[9.4287268,47.954487],[9.4284864,47.9548719],[9.4282696,47.9552383],[9.4279104,47.9556373],[9.4271077,47.9562237],[9.4263892,47.9567503],[9.4252443,47.9577493],[9.4244028,47.9585185],[9.4240137,47.9589908],[9.4236971,47.9596197],[9.4233241,47.9603395],[9.4229261,47.9609208],[9.4230656,47.9609944],[9.4226907,47.961466],[9.4219034,47.9628805],[9.4216964,47.9631588],[9.4214424,47.9634192],[9.4217875,47.9636341],[9.4223322,47.9633841],[9.4230632,47.9630335],[9.4240999,47.9625303],[9.4247309,47.9622671],[9.425453,47.9621382],[9.4260648,47.9620802],[9.4266632,47.9620405],[9.4264908,47.9618474],[9.4273256,47.9616535],[9.4276436,47.9615103],[9.4281845,47.9606445],[9.4284949,47.9607068],[9.4286148,47.960487],[9.4292435,47.9601367],[9.430229,47.9597502],[9.4300225,47.9595595],[9.4311171,47.9591817],[9.4316336,47.9591264],[9.4326881,47.9591025],[9.4331744,47.959084],[9.4341976,47.9590009],[9.4342751,47.9592242],[9.4348045,47.9591118],[9.4353341,47.9590153],[9.4372312,47.9583295],[9.4366227,47.9572507],[9.436864,47.9572175],[9.4378221,47.9571073],[9.4389791,47.9571239],[9.4396634,47.9571613],[9.4405495,47.9572844],[9.4411189,47.957384],[9.441552,47.9574639],[9.4420959,47.9582623],[9.4432539,47.9586372],[9.4437505,47.9583469],[9.4442938,47.9574263],[9.4455268,47.9572552],[9.4467344,47.9569541],[9.4500366,47.9590455],[9.450541,47.9593929],[9.4506613,47.9594758],[9.4510308,47.959645],[9.4516351,47.9598107],[9.4529691,47.9601024],[9.4534708,47.9602229],[9.4537515,47.9603561],[9.4540796,47.9607469],[9.4543909,47.96143],[9.454623,47.962036],[9.4547558,47.9625946],[9.4547694,47.9631378],[9.4548405,47.9636487],[9.4550434,47.9640905],[9.4554436,47.9648052],[9.4556918,47.9649959],[9.4560295,47.9643982],[9.4571845,47.9636554],[9.4576817,47.9626745],[9.4578461,47.9625838],[9.4584576,47.9621431],[9.4590971,47.9616472],[9.4594058,47.9606866],[9.4598751,47.9600247],[9.4605143,47.959493],[9.4607228,47.9592052],[9.461098,47.9596507],[9.4616454,47.960431],[9.4624049,47.9613527],[9.4632662,47.961775],[9.4639173,47.962064],[9.4645059,47.962283],[9.4655766,47.9625471],[9.4659525,47.9625629],[9.4686304,47.9628663],[9.4690012,47.9627143],[9.4697299,47.962579],[9.4706384,47.9622973],[9.4718031,47.9616578],[9.4726652,47.9614632],[9.4729108,47.9612503],[9.4733934,47.9605559],[9.4738561,47.9602897],[9.4756664,47.9596833],[9.477361,47.9595442],[9.4772499,47.9592907],[9.4768527,47.9585975],[9.4760893,47.9577335],[9.4763894,47.9576108],[9.4772894,47.9572772],[9.4776861,47.9572554],[9.4792926,47.9579959],[9.4802422,47.9583777]],[[9.4802422,47.9583777],[9.4798228,47.958353],[9.4796254,47.9587333],[9.4791041,47.9593177],[9.4788507,47.9599243],[9.4785975,47.9603151],[9.478156,47.9604921],[9.4779862,47.9606237],[9.4785168,47.9610686],[9.4792313,47.9616135],[9.4793851,47.9614729],[9.4796339,47.9607943],[9.4797344,47.959953],[9.4799568,47.9592366],[9.4802422,47.9583777]]]}, "properties": {"osm_id": -2806390, "name": "Landkreis Sigmaringen", "name_en": null, "boundary": "administrative", "admin_level": 6, "admin_centre_node_id": 240106869, "admin_centre_node_lat": 48.0869139, "admin_centre_node_lng": 9.2165039, "label_node_id": null, "label_node_lat": null, "label_node_lng": null}}]}